species,marker,n_sequences,max_intra,min_inter,gap_exists,gap_width,p_overlap,q_overlap,median_intra,median_inter,intra_95,inter_5,percentile_gap,robust_gap,n_congeners_in_db,min_congeneric,congeneric_gap,congeneric_p_overlap,congeneric_q_overlap,n_diagnostic_sites,sampling_adequacy,taxonomic_resolution,gap_may_be_undersampling_artifact,error_msg,assignment_risk,recommended_threshold
Abbottina rivularis,COI,154,0.2894573322286661,0.005592377796188898,FALSE,-0.2838649544324772,0.9009,1,0.027547638773819386,0.10076636288318144,0.1757456503728252,0.020608947804473903,-0.1551367025683513,FALSE,0,NA,NA,NA,NA,0,low,genus_or_higher,FALSE,NA,high,0.97
Abramis brama,COI,80,0.17947390223695112,0.004763877381938691,FALSE,-0.1747100248550124,0.6706,0.9824,0.011806130903065452,0.09641673570836785,0.1096779204639602,0.01387738193869097,-0.09580053852526924,FALSE,0,NA,NA,NA,NA,0,low,genus_or_higher,FALSE,NA,high,0.97
Acanthogobius elongatus,COI,6,3.106876553438277e-4,0.011806130903065452,TRUE,0.011495443247721624,0,0,2.0712510356255177e-4,0.08383388566694283,3.106876553438277e-4,0.017605633802816902,0.017294946147473074,TRUE,1,0.008492129246064623,0.008181441590720795,0,0,0,low,species,TRUE,NA,moderate,0.97
Acanthogobius hasta,COI,104,0.1795774647887324,0.010874067937033969,FALSE,-0.16870339685169844,0.7771,0.9788,0.07974316487158244,0.1026304888152444,0.1693247721623861,0.0171913835956918,-0.15213338856669428,FALSE,1,0.008492129246064623,-0.17108533554266778,0.7913,1,0,moderate,genus_or_higher,FALSE,NA,high,0.97
Acheilognathus barbatulus,COI,15,0.20950704225352113,0.007767191383595692,FALSE,-0.20173985086992544,0.7905,0.9945,0.10874067937033968,0.10987986743993372,0.17895608947804473,0.021851698425849213,-0.1571043910521955,FALSE,6,2.0712510356255177e-4,-0.20929991714995858,0.9905,0.994,0,moderate,genus_or_higher,FALSE,NA,high,0.97
Acheilognathus chankaensis,COI,39,0.23311930405965203,0.0011391880695940347,FALSE,-0.231980115990058,0.9676,0.9972,0.10853355426677713,0.10894780447390223,0.17843827671913837,0.021541010770505385,-0.15689726594863299,FALSE,6,0.0031068765534382767,-0.23001242750621376,0.9109,0.9992,0,high,genus_or_higher,FALSE,NA,high,0.97
Acheilognathus gracilis,COI,6,0.1795774647887324,0.009424192212096106,FALSE,-0.1701532725766363,0.7333,0.9481,0.10760149130074564,0.10832642916321458,0.17928748964374483,0.016052195526097764,-0.16323529411764706,FALSE,6,0.0031068765534382767,-0.17647058823529413,0.7333,0.9677,0,low,genus_or_higher,FALSE,NA,high,0.97
Acheilognathus imberbis,COI,14,0.2091963545981773,0.01387738193869097,FALSE,-0.1953189726594863,0.7582,0.9868,0.16166114333057166,0.11267605633802817,0.20826429163214583,0.02640845070422535,-0.18185584092792048,FALSE,6,2.0712510356255177e-4,-0.20898922949461474,0.967,0.9891,0,moderate,genus_or_higher,FALSE,NA,high,0.97
Acheilognathus macropterus,COI,77,0.20816072908036454,0.010149130074565037,FALSE,-0.1980115990057995,0.7649,0.9954,0.07787903893951947,0.10646230323115162,0.17263877381938691,0.018227009113504555,-0.15441176470588236,FALSE,6,0.0031068765534382767,-0.20505385252692626,0.8756,0.9854,0,high,genus_or_higher,FALSE,NA,high,0.97
Acheilognathus tabira,COI,7,0.17968102734051367,0.012531068765534384,FALSE,-0.16714995857497927,0.619,0.8734,0.01284175642087821,0.12531068765534384,0.17968102734051367,0.029515327257663627,-0.15016570008285005,FALSE,6,0.0115990057995029,-0.16808202154101076,0.7619,0.8711,0,low,genus_or_higher,FALSE,NA,high,0.97
Acheilognathus tonkinensis,COI,13,0.2087821043910522,0.007974316487158243,FALSE,-0.20080778790389395,0.8205,0.9827,0.1614540182270091,0.11505799502899751,0.20851801988400992,0.02765120132560066,-0.18086681855840925,FALSE,6,0.0016570008285004142,-0.20712510356255176,0.9359,0.963,0,moderate,genus_or_higher,FALSE,NA,high,0.97
Acrossocheilus fasciatus,COI,77,0.17895608947804473,0.006524440762220381,FALSE,-0.17243164871582434,0.5793,0.9282,0.10138773819386909,0.10874067937033968,0.17647058823529413,0.021851698425849213,-0.1546188898094449,FALSE,3,0.0035211267605633804,-0.17543496271748135,0.731,0.9633,0,high,genus_or_higher,FALSE,NA,high,0.97
Acrossocheilus jishouensis,COI,20,0.25569594034797016,0.004246064623032311,FALSE,-0.2514498757249379,0.7842,0.996,0.0987986743993372,0.10325186412593207,0.17674502899751438,0.015016570008285005,-0.16172845898922938,FALSE,3,2.0712510356255177e-4,-0.2554888152444076,0.9526,0.9974,0,high,genus_or_higher,FALSE,NA,high,0.97
Acrossocheilus kreyenbergii,COI,25,0.25621375310687655,0.0021748135874067936,FALSE,-0.25403893951946976,0.9367,0.9957,0.14105219552609777,0.11277961888980945,0.19045153272576637,0.022265948632974316,-0.16818558409279205,FALSE,3,0.0035211267605633804,-0.2526926263463132,0.9233,1,0,high,genus_or_higher,FALSE,NA,high,0.97
Acrossocheilus paradoxus,COI,74,0.17854183927091963,2.0712510356255177e-4,FALSE,-0.17833471416735708,0.9722,0.9426,0.0023819386909693457,0.10842999171499586,0.17781690140845072,0.023508699254349626,-0.1543082021541011,FALSE,3,2.0712510356255177e-4,-0.17833471416735708,0.9722,0.9465,0,high,genus_or_higher,FALSE,NA,high,0.97
Ageneiogarra imberba,COI,23,0.17854183927091963,0.007870753935376968,FALSE,-0.17067108533554265,0.7826,0.9568,0.10967274233637117,0.10770505385252693,0.17802402651201327,0.023094449047224522,-0.15492957746478875,FALSE,0,NA,NA,NA,NA,0,low,genus_or_higher,FALSE,NA,high,0.97
Amblychaeturichthys hexanema,COI,29,0.13131731565865784,5.178127589063795e-4,FALSE,-0.13079950289975145,0.9852,0.917,0.013773819386909693,0.0910314830157415,0.10586681855840926,0.01688069594034797,-0.0889861226180613,FALSE,0,NA,NA,NA,NA,0,low,genus_or_higher,FALSE,NA,high,0.97
Ameiurus melas,COI,98,0.17978458989229495,0.00010356255178127589,FALSE,-0.17968102734051367,0.9937,0.9871,0.018537696768848384,0.08896023198011599,0.11029411764705882,0.01739850869925435,-0.09289560894780446,FALSE,1,0.00010356255178127589,-0.17968102734051367,0.9937,0.9935,0,moderate,genus_or_higher,FALSE,NA,high,0.97
Ameiurus nebulosus,COI,91,0.1808202154101077,0.0014498757249378626,FALSE,-0.17937033968516986,0.9429,0.9796,0.08305716652858326,0.09475973487986744,0.12627381938690965,0.016466445733222868,-0.10980737365368679,FALSE,1,0.00010356255178127589,-0.18071665285832642,0.9932,0.9994,0,moderate,genus_or_higher,FALSE,NA,high,0.97
Amphilophus citrinellus,COI,459,0.18993371996685998,0.0035211267605633804,FALSE,-0.1864125932062966,0.4451,0.9943,0.001967688483844242,0.10967274233637117,0.09134217067108534,0.07684341342170671,-0.01449875724937863,FALSE,0,NA,NA,NA,NA,25,low,genus_or_higher,FALSE,NA,high,0.97
Ancherythroculter nigrocauda,COI,132,0.1885874067937034,0.002071251035625518,FALSE,-0.18651615575807787,0.8728,0.9244,0.006731565865782933,0.14032725766362883,0.18030240265120132,0.03417564208782104,-0.14612676056338028,FALSE,0,NA,NA,NA,NA,0,low,genus_or_higher,FALSE,NA,high,0.97
Anguilla japonica,COI,110,0.1795774647887324,0.0022783761391880694,FALSE,-0.17729908864954433,0.8374,0.9668,0.08989229494614748,0.09393123446561723,0.1765741507870754,0.017294946147473074,-0.15927920463960232,FALSE,1,0.0022783761391880694,-0.17729908864954433,0.8374,0.9772,0,moderate,genus_or_higher,FALSE,NA,high,0.97
Anguilla marmorata,COI,230,0.1877589063794532,0.0031068765534382767,FALSE,-0.18465202982601492,0.9089,0.9868,0.08906379453189726,0.09672742336371168,0.171841342170671,0.017294946147473074,-0.15454639602319795,FALSE,1,0.0022783761391880694,-0.18548053024026512,0.9245,1,0,moderate,genus_or_higher,FALSE,NA,high,0.97
Angustistoma barbatum,COI,14,0.1056338028169014,0.0016570008285004142,FALSE,-0.103976801988401,0.7802,0.6926,0.025579950289975145,0.09382767191383595,0.10392502071251036,0.016777133388566696,-0.08714788732394367,FALSE,1,0.0016570008285004142,-0.103976801988401,0.7802,1,0,moderate,genus_or_higher,FALSE,NA,high,0.97
Angustistoma macrolepis,COI,5,0.005385252692626346,0.005903065451532726,TRUE,5.178127589063799e-4,0,0,0.004919221209610605,0.08398922949461475,0.005292046396023198,0.014498757249378625,0.009206710853355428,TRUE,1,0.0016570008285004142,-0.003728251864125932,0.6,0.2571,0,low,species,TRUE,NA,moderate,0.97
Aphyocypris chinensis,COI,11,0.17781690140845072,0.009424192212096106,FALSE,-0.1683927091963546,0.8545,0.9029,0.1275890637945319,0.112986743993372,0.17760977630488814,0.024544324772162385,-0.15306545153272574,FALSE,0,NA,NA,NA,NA,0,low,genus_or_higher,FALSE,NA,high,0.97
Barbatula nuda,COI,67,0.17937033968516986,0.011391880695940349,FALSE,-0.1679784589892295,0.7173,0.9781,0.08305716652858326,0.08823529411764706,0.17874896437448218,0.016673570836785417,-0.16207539353769676,FALSE,0,NA,NA,NA,NA,0,low,genus_or_higher,FALSE,NA,high,0.97
Barbonymus gonionotus,COI,97,0.17626346313173158,0,FALSE,-0.17626346313173158,1,0.9867,0.016932477216238608,0.09341342170671085,0.11806130903065451,0.014291632145816073,-0.10376967688483843,FALSE,1,0,-0.17626346313173158,1,0.9999,0,moderate,genus_or_higher,FALSE,NA,high,0.97
Barbonymus schwanefeldii,COI,69,0.17595277547638774,0,FALSE,-0.17595277547638774,1,0.9565,0.08533554266777134,0.10335542667771334,0.14374482187241094,0.014913007456503728,-0.12883181441590721,FALSE,1,0,-0.17595277547638774,1,0.9997,0,moderate,genus_or_higher,FALSE,NA,high,0.97
Beaufortia szechuanensis,COI,10,0.17854183927091963,0.010770505385252692,FALSE,-0.16777133388566692,0.7333,0.9298,0.10853355426677713,0.10874067937033968,0.17839685169842587,0.0231980115990058,-0.15519884009942006,FALSE,0,NA,NA,NA,NA,0,low,genus_or_higher,FALSE,NA,high,0.97
Belligobio nummifer,COI,11,0.2555923777961889,0.00579950289975145,FALSE,-0.24979287489643742,0.9636,0.9958,0.16166114333057166,0.11754349627174814,0.21022162386081192,0.025787075393537695,-0.18443454846727422,FALSE,0,NA,NA,NA,NA,0,low,genus_or_higher,FALSE,NA,high,0.97
Bidyanus bidyanus,COI,8,0.1735708367854184,0.007042253521126761,FALSE,-0.16652858326429165,0.75,0.8298,0.0998860811930406,0.10760149130074564,0.17346209610604807,0.016777133388566696,-0.15668496271748136,FALSE,0,NA,NA,NA,NA,0,low,genus_or_higher,FALSE,NA,high,0.97
Boleophthalmus pectinirostris,COI,373,0.22535211267605634,0.007456503728251864,FALSE,-0.2178956089478045,0.5576,0.9989,0.07342584921292461,0.10780861640430821,0.17719552609776304,0.022576636288318144,-0.15461888980944488,FALSE,0,NA,NA,NA,NA,0,low,genus_or_higher,FALSE,NA,high,0.97
Bostrychus sinensis,COI,225,0.2112676056338028,0.009942004971002486,FALSE,-0.20132560066280034,0.5817,0.9974,0.029515327257663627,0.10801574150787076,0.17874896437448218,0.02899751449875725,-0.14975144987572492,FALSE,0,NA,NA,NA,NA,0,low,genus_or_higher,FALSE,NA,high,0.97
Brachymystax lenok,COI,91,0.2628417564208782,0.007249378624689312,FALSE,-0.2555923777961889,0.8286,0.9997,0.14488400994200498,0.1185791217895609,0.20961060480530241,0.03251864125932063,-0.17709196354598178,FALSE,0,NA,NA,NA,NA,0,low,genus_or_higher,FALSE,NA,high,0.97
Butis koilomatodon,COI,39,0.10874067937033968,0.006006628003314002,FALSE,-0.10273405136702568,0.5317,0.7804,0.007249378624689312,0.09222245236122617,0.10718724109362054,0.014913007456503728,-0.09227423363711681,FALSE,0,NA,NA,NA,NA,0,low,genus_or_higher,FALSE,NA,high,0.97
Carassioides acuminatus,COI,8,0.16601077050538526,0.005903065451532726,FALSE,-0.16010770505385255,0.6786,0.7349,0.10128417564208782,0.11692212096106049,0.16601077050538526,0.022053645401822707,-0.14395712510356257,FALSE,0,NA,NA,NA,NA,0,low,genus_or_higher,FALSE,NA,high,0.97
Carassius auratus,COI,709,0.21157829328914665,0.0032104391052195525,FALSE,-0.2083678541839271,0.9294,0.998,0.09755592377796189,0.10501242750621376,0.17274233637116818,0.01739850869925435,-0.15534382767191382,FALSE,1,0.0021748135874067936,-0.20940347970173986,0.9558,1,0,moderate,genus_or_higher,FALSE,NA,high,0.97
Carassius cuvieri,COI,43,0.2108533554266777,0.003624689312344656,FALSE,-0.20722866611433305,0.9037,0.9967,0.10159486329743164,0.10366611433305717,0.17118889809444904,0.018641259320629662,-0.15254763877381938,FALSE,1,0.0021748135874067936,-0.20867854183927093,0.9236,0.9987,0,moderate,genus_or_higher,FALSE,NA,high,0.97
Chaeturichthys stigmatias,COI,53,0.13649544324772162,0.0035211267605633804,FALSE,-0.13297431648715824,0.6742,0.9252,0.0051781275890637945,0.09041010770505385,0.1103976801988401,0.015534382767191384,-0.09486329743164872,FALSE,0,NA,NA,NA,NA,0,low,genus_or_higher,FALSE,NA,high,0.97
Channa argus,COI,102,0.22069179784589893,0.0024855012427506215,FALSE,-0.2182062966031483,0.8063,0.9929,0.09942004971002485,0.11226180613090307,0.22017398508699254,0.01615575807787904,-0.2040182270091135,FALSE,2,0.005695940347970174,-0.21499585749792877,0.7224,0.9977,0,moderate,genus_or_higher,FALSE,NA,high,0.97
Channa asiatica,COI,22,0.23260149130074564,0.01004556752278376,FALSE,-0.22255592377796188,0.7013,0.9973,0.1022162386081193,0.1060480530240265,0.18009527754763877,0.014913007456503728,-0.16518227009113504,FALSE,2,0.009734879867439934,-0.22286661143330572,0.71,1,0,moderate,genus_or_higher,FALSE,NA,high,0.97
Channa maculata,COI,37,0.1885874067937034,0.006213753106876553,FALSE,-0.18237365368682684,0.7492,0.9777,0.0998860811930406,0.106980115990058,0.18100144987572495,0.017709196354598177,-0.16329225352112678,FALSE,2,0.005695940347970174,-0.18289146644573323,0.7492,0.9592,0,moderate,genus_or_higher,FALSE,NA,high,0.97
Chanodichthys dabryi,COI,14,0.1748135874067937,6.213753106876554e-4,FALSE,-0.17419221209610605,0.8901,0.9582,0.03987158243579122,0.10294117647058823,0.13043703396851697,0.016259320629660314,-0.11417771333885665,FALSE,3,2.0712510356255177e-4,-0.17460646230323115,0.9121,0.9627,0,moderate,genus_or_higher,FALSE,NA,high,0.97
Chanodichthys erythropterus,COI,66,0.2865575807787904,2.0712510356255177e-4,FALSE,-0.2863504556752278,0.9753,0.9993,0.10252692626346313,0.10480530240265121,0.17727837613918807,0.015327257663628831,-0.16195111847555924,FALSE,3,3.106876553438277e-4,-0.2862468931234466,0.965,0.9997,0,high,genus_or_higher,FALSE,NA,high,0.97
Chanodichthys mongolicus,COI,38,0.1765741507870754,5.178127589063795e-4,FALSE,-0.176056338028169,0.9189,0.956,0.046188898094449045,0.10159486329743164,0.120536454018227,0.014809444904722453,-0.10572700911350455,FALSE,3,2.0712510356255177e-4,-0.17636702568351284,0.9474,0.974,0,high,genus_or_higher,FALSE,NA,high,0.97
Chanodichthys oxycephalus,COI,7,0.10200911350455676,0.004142502071251036,FALSE,-0.09786661143330572,0.9048,0.4409,0.06410521955260978,0.10666942833471417,0.10190555095277548,0.014395194697597348,-0.08751035625517814,FALSE,3,0.0014498757249378626,-0.10055923777961889,0.9048,0.6247,0,low,genus_or_higher,FALSE,NA,high,0.97
Chimarrichthys kishinouyei,COI,65,0.17854183927091963,0.011806130903065452,FALSE,-0.16673570836785417,0.1014,0.9557,0.002899751449875725,0.10801574150787076,0.17760977630488814,0.03200082850041425,-0.1456089478044739,FALSE,0,NA,NA,NA,NA,5,low,genus_or_higher,FALSE,NA,high,0.97
Cirrhinus molitorella,COI,23,0.17678127589063794,0.00579950289975145,FALSE,-0.1709817729908865,0.8498,0.927,0.08015741507870754,0.10418392709196354,0.17520712510356257,0.016673570836785417,-0.15853355426677715,FALSE,1,0.006628003314001657,-0.1701532725766363,0.8379,0.9721,0,moderate,genus_or_higher,FALSE,NA,high,0.97
Cirrhinus mrigala,COI,270,0.21074979287489642,0.002692626346313173,FALSE,-0.20805716652858325,0.9207,0.9992,0.0691797845898923,0.09548467274233637,0.11951118475559237,0.014913007456503728,-0.10459817729908864,FALSE,1,0.006628003314001657,-0.20412178956089477,0.7315,1,0,moderate,genus_or_higher,FALSE,NA,high,0.97
Claea dabryi,COI,13,0.3743786246893123,0.0035211267605633804,FALSE,-0.37085749792874895,0.9744,0.9948,0.17724730737365368,0.13432062966031483,0.3585801574150787,0.03169014084507042,-0.32689001657000827,FALSE,0,NA,NA,NA,NA,0,low,genus_or_higher,FALSE,NA,high,0.97
Clarias batrachus,COI,291,0.1868268434134217,4.1425020712510354e-4,FALSE,-0.1864125932062966,0.9906,0.9927,0.07953603976801989,0.09838442419221209,0.1224109362054681,0.016984258492129246,-0.10542667771333886,FALSE,3,0.00010356255178127589,-0.18672328086164042,0.9985,0.999,0,high,genus_or_higher,FALSE,NA,high,0.97
Clarias fuscus,COI,10,0.17636702568351284,0.00528169014084507,FALSE,-0.17108533554266778,0.8889,0.924,0.07725766362883181,0.10335542667771334,0.1701946975973488,0.01636288318144159,-0.1538318144159072,FALSE,3,0.004453189726594863,-0.17191383595691798,0.8889,0.9856,0,moderate,genus_or_higher,FALSE,NA,high,0.97
Clarias gariepinus,COI,644,0.23405136702568352,0.004142502071251036,FALSE,-0.2299088649544325,0.9283,0.9997,0.07311516155758079,0.09144573322286662,0.13256006628003314,0.01739850869925435,-0.11516155758077878,FALSE,3,0.004867439933719967,-0.22918392709196356,0.9158,1,0,high,genus_or_higher,FALSE,NA,high,0.97
Clarias macrocephalus,COI,100,0.17512427506213754,5.178127589063795e-4,FALSE,-0.17460646230323115,0.9818,0.9799,0.08062344656172328,0.10066280033140017,0.10594449047224523,0.016984258492129246,-0.08896023198011599,FALSE,3,0.00010356255178127589,-0.17502071251035625,0.997,0.999,0,high,genus_or_higher,FALSE,NA,high,0.97
Cobitis sinensis,COI,147,0.17968102734051367,0.009320629660314831,FALSE,-0.17036039768019884,0.7918,0.9637,0.01512013256006628,0.10780861640430821,0.10770505385252693,0.025890637945318973,-0.08181441590720796,FALSE,1,0.00983844241922121,-0.16984258492129245,0.7799,0.9997,2,moderate,genus_or_higher,FALSE,NA,high,0.97
Cobitis taenia,COI,121,0.1562758906379453,0.008492129246064623,FALSE,-0.14778376139188068,0.6471,0.9126,0.10024855012427507,0.10501242750621376,0.11888980944490472,0.01791632145816073,-0.10097348798674399,FALSE,1,0.00983844241922121,-0.1464374482187241,0.641,0.99,0,moderate,genus_or_higher,FALSE,NA,high,0.97
Coilia brachygnathus,COI,192,0.19780447390223696,0.00010356255178127589,FALSE,-0.19770091135045567,0.9978,0.9821,0.03914664457332229,0.14270919635459817,0.19490472245236123,0.033347141673570835,-0.1615575807787904,FALSE,2,0.00010356255178127589,-0.19770091135045567,0.9978,0.9476,0,moderate,genus_or_higher,FALSE,NA,high,0.97
Coilia mystus,COI,124,0.20432891466445732,0.0038318144159072078,FALSE,-0.2004971002485501,0.8964,0.9943,0.09973073736536868,0.10470173985086993,0.1705675227837614,0.01843413421706711,-0.15213338856669428,FALSE,2,6.213753106876554e-4,-0.20370753935376967,0.9367,0.988,0,moderate,genus_or_higher,FALSE,NA,high,0.97
Coilia nasus,COI,1191,0.2743371996685998,2.0712510356255177e-4,FALSE,-0.27413007456503724,0.9962,0.9996,0.1628003314001657,0.1431234465617233,0.20691797845898924,0.03024026512013256,-0.17667771333885668,FALSE,2,0.00010356255178127589,-0.27423363711681853,0.9993,1,0,moderate,genus_or_higher,FALSE,NA,high,0.97
Collichthys lucidus,COI,166,0.20981772990886496,0.006420878210439105,FALSE,-0.20339685169842586,0.5048,0.9984,0.006628003314001657,0.0927920463960232,0.10791217895608948,0.01636288318144159,-0.09154929577464789,FALSE,0,NA,NA,NA,NA,0,low,genus_or_higher,FALSE,NA,high,0.97
Colossoma macropomum,COI,822,0.19997928748964375,0.008285004142502071,FALSE,-0.19169428334714167,0.6883,0.9894,0.014291632145816073,0.12655343827671914,0.1512013256006628,0.08233222866611434,-0.06886909693454846,FALSE,0,NA,NA,NA,NA,0,low,genus_or_higher,FALSE,NA,high,0.97
Coptodon zillii,COI,146,0.2366404308202154,0.00010356255178127589,FALSE,-0.23653686826843412,0.9949,0.9996,0.018227009113504555,0.09838442419221209,0.13719966859983423,0.015430820215410108,-0.12176884838442413,FALSE,0,NA,NA,NA,NA,0,low,genus_or_higher,FALSE,NA,high,0.97
Coreius guichenoti,COI,108,0.1765741507870754,0.004556752278376139,FALSE,-0.17201739850869924,0.6405,0.9646,0.10418392709196354,0.10501242750621376,0.10646230323115162,0.015534382767191384,-0.09092792046396024,FALSE,1,0.004453189726594863,-0.17212096106048053,0.6409,0.9966,0,moderate,genus_or_higher,FALSE,NA,high,0.97
Coreius heterodon,COI,11,0.17678127589063794,0.006110190555095278,FALSE,-0.17067108533554265,0.5818,0.9261,0.10076636288318144,0.10573736536868268,0.17647058823529413,0.014395194697597348,-0.1620753935376968,FALSE,1,0.004453189726594863,-0.17232808616404308,0.5818,0.9966,0,moderate,genus_or_higher,FALSE,NA,high,0.97
Coreoperca whiteheadi,COI,25,0.19014084507042253,0.011184755592377795,FALSE,-0.17895608947804473,0.7667,0.982,0.10749792874896437,0.10760149130074564,0.18031275890637943,0.017294946147473074,-0.16301781275890637,FALSE,0,NA,NA,NA,NA,0,low,genus_or_higher,FALSE,NA,high,0.97
Ctenopharyngodon idella,COI,176,0.21074979287489642,0.002071251035625518,FALSE,-0.2086785418392709,0.9388,0.9972,0.07684341342170671,0.09869511184755593,0.1361847555923778,0.014498757249378625,-0.12168599834299917,FALSE,0,NA,NA,NA,NA,0,low,genus_or_higher,FALSE,NA,high,0.97
Culter alburnus,COI,42,0.17750621375310688,5.178127589063795e-4,FALSE,-0.1769884009942005,0.9292,0.95,0.05685584092792047,0.10294117647058823,0.12924606462303231,0.014498757249378625,-0.11474730737365368,FALSE,0,NA,NA,NA,NA,0,low,genus_or_higher,FALSE,NA,high,0.97
Cynoglossus abbreviatus,COI,18,0.1304888152444076,0.008699254349627174,FALSE,-0.12178956089478044,0.4706,0.8917,0.006628003314001657,0.09424192212096107,0.1033347141673571,0.01739850869925435,-0.08593620546810274,FALSE,5,0.0046603148301574155,-0.1258285004142502,0.7974,0.9713,1,moderate,genus_or_higher,FALSE,NA,high,0.97
Cynoglossus gracilis,COI,9,0.222970173985087,0.008906379453189726,FALSE,-0.21406379453189728,0.9722,0.9928,0.13369925434962718,0.11826843413421707,0.21473695111847554,0.0326222038111019,-0.18211474730737365,FALSE,5,0.007870753935376968,-0.21509942004971003,0.9722,0.9983,0,low,genus_or_higher,FALSE,NA,high,0.97
Cynoglossus joyneri,COI,74,0.1361847555923778,0.00756006628003314,FALSE,-0.12862468931234466,0.4147,0.9165,0.005592377796188898,0.09123860811930407,0.11081193040596521,0.015948632974316486,-0.09486329743164873,FALSE,5,0.005385252692626346,-0.13079950289975145,0.5205,0.9785,0,high,genus_or_higher,FALSE,NA,high,0.97
Cynoglossus robustus,COI,14,0.11961474730737365,0.011909693454846727,FALSE,-0.10770505385252692,0.5275,0.8657,0.013980944490472245,0.09227423363711681,0.10594449047224523,0.01843413421706711,-0.08751035625517813,FALSE,5,0.010252692626346312,-0.10936205468102733,0.5714,0.9342,0,moderate,genus_or_higher,FALSE,NA,high,0.97
Cynoglossus semilaevis,COI,21,0.17978458989229495,0.005385252692626346,FALSE,-0.1743993371996686,0.8571,0.929,0.09926470588235295,0.10905136702568351,0.17885252692626347,0.024124896437448244,-0.15472763048881522,FALSE,5,0.0046603148301574155,-0.17512427506213754,0.8571,0.9827,0,high,genus_or_higher,FALSE,NA,high,0.97
Cynoglossus trigrammus,COI,6,0.2006006628003314,0.00807787903893952,FALSE,-0.19252278376139187,0.9333,0.979,0.1679784589892295,0.11422949461474731,0.2003831814415907,0.042455468102734054,-0.15792771333885663,FALSE,5,0.00807787903893952,-0.19252278376139187,0.9333,0.989,0,low,genus_or_higher,FALSE,NA,high,0.97
Cyprinus carpio,COI,1400,0.25590306545153274,0,FALSE,-0.25590306545153274,1,0.9997,0.09558823529411764,0.10511599005799503,0.1658036454018227,0.018744821872410937,-0.14705882352941177,FALSE,2,0.00010356255178127589,-0.25579950289975145,0.9995,0.9995,0,moderate,genus_or_higher,FALSE,NA,high,0.97
Cyprinus multitaeniatus,COI,11,0.2610811930405965,0.0011391880695940347,FALSE,-0.2599420049710025,0.9636,0.9961,0.16538939519469759,0.13028169014084506,0.2606980115990058,0.017812758906379452,-0.24288525269262634,FALSE,2,3.106876553438277e-4,-0.2607705053852527,0.9636,0.9996,0,moderate,genus_or_higher,FALSE,NA,high,0.97
Discogobio brachyphysallidos,COI,6,0.10149130074565037,0.004556752278376139,FALSE,-0.09693454846727423,0.6,0.5168,0.03583264291632146,0.0996271748135874,0.10134631317315658,0.012945318972659487,-0.08840099420049709,FALSE,1,3.106876553438277e-4,-0.10118061309030654,0.8667,0.6667,0,low,genus_or_higher,FALSE,NA,high,0.97
Discogobio yunnanensis,COI,6,0.17678127589063794,0.006420878210439105,FALSE,-0.17036039768019884,0.8667,0.8753,0.10366611433305717,0.10749792874896437,0.17656379453189727,0.015016570008285005,-0.16154722452361225,FALSE,1,3.106876553438277e-4,-0.1764705882352941,0.8667,0.9722,0,low,genus_or_higher,FALSE,NA,high,0.97
Distoechodon tumirostris,COI,20,0.2863504556752278,0.003624689312344656,FALSE,-0.28272576636288316,0.8632,0.9979,0.10040389395194699,0.10692833471416735,0.21482497928748956,0.014395194697597348,-0.20042978458989222,FALSE,0,NA,NA,NA,NA,0,low,genus_or_higher,FALSE,NA,high,0.97
Dussumieria elopsoides,COI,93,0.18144159072079535,0.010666942833471417,FALSE,-0.17077464788732394,0.6671,0.984,0.01915907207953604,0.10138773819386909,0.11029411764705882,0.01563794531897266,-0.09465617232808615,FALSE,0,NA,NA,NA,NA,0,low,genus_or_higher,FALSE,NA,high,0.97
Eleotris oxycephala,COI,14,0.2595277547638774,0.01056338028169014,FALSE,-0.24896437448218728,0.7802,0.9983,0.10190555095277548,0.11050124275062137,0.2104391052195526,0.01636288318144159,-0.19407622203811103,FALSE,0,NA,NA,NA,NA,0,low,genus_or_higher,FALSE,NA,high,0.97
Eleutheronema tetradactylum,COI,209,0.18227009113504558,0.009942004971002486,FALSE,-0.1723280861640431,0.7347,0.9873,0.022783761391880698,0.0962096106048053,0.10874067937033968,0.01708782104391052,-0.09165285832642917,FALSE,0,NA,NA,NA,NA,0,low,genus_or_higher,FALSE,NA,high,0.97
Elopichthys bambusa,COI,27,0.17916321458160728,0.006006628003314002,FALSE,-0.17315658657829328,0.7066,0.9717,0.08958160729080364,0.10687655343827672,0.12919428334714167,0.018019884009942005,-0.11117439933719966,FALSE,0,NA,NA,NA,NA,0,low,genus_or_higher,FALSE,NA,high,0.97
Folifer brevifilis,COI,10,0.1765741507870754,0.007767191383595692,FALSE,-0.1688069594034797,0.8222,0.8617,0.10242336371168186,0.11195111847555923,0.17624275062137534,0.02340513670256835,-0.15283761391880699,FALSE,0,NA,NA,NA,NA,0,low,genus_or_higher,FALSE,NA,high,0.97
Gambusia affinis,COI,105,0.20961060480530241,0.00807787903893952,FALSE,-0.20153272576636289,0.743,0.9981,0.01688069594034797,0.09310273405136703,0.11226180613090307,0.016570008285004142,-0.09569179784589893,FALSE,0,NA,NA,NA,NA,0,low,genus_or_higher,FALSE,NA,high,0.97
Geophagus brasiliensis,COI,85,0.20173985086992544,0.008906379453189726,FALSE,-0.1928334714167357,0.3804,0.9959,0.007456503728251864,0.09455260977630489,0.11132974316487158,0.01584507042253521,-0.09548467274233638,FALSE,0,NA,NA,NA,NA,0,low,genus_or_higher,FALSE,NA,high,0.97
Glossogobius giuris,COI,260,0.18444490472245237,0.007456503728251864,FALSE,-0.17698840099420052,0.7813,0.9987,0.013980944490472245,0.08823529411764706,0.08595691797845899,0.016777133388566696,-0.0691797845898923,FALSE,0,NA,NA,NA,NA,0,low,genus_or_higher,FALSE,NA,high,0.97
Glyptothorax sinensis,COI,10,0.17719552609776304,0.0115990057995029,FALSE,-0.16559652029826014,0.8222,0.8916,0.10646230323115162,0.11070836785418393,0.1769884009942005,0.01636288318144159,-0.1606255178127589,FALSE,0,NA,NA,NA,NA,0,low,genus_or_higher,FALSE,NA,high,0.97
Gnathopogon herzensteini,COI,8,0.17895608947804473,0.008802816901408451,FALSE,-0.1701532725766363,0.8214,0.9196,0.10573736536868268,0.10925849212924607,0.17860915492957746,0.015534382767191384,-0.16307477216238608,FALSE,2,0.00010356255178127589,-0.17885252692626344,1,0.76,0,low,genus_or_higher,FALSE,NA,high,0.97
Gnathopogon imberbis,COI,14,0.25621375310687655,0.005695940347970174,FALSE,-0.2505178127589064,0.9451,0.9978,0.13463131731565867,0.11474730737365368,0.21059444904722452,0.01708782104391052,-0.193506628003314,FALSE,2,0.00010356255178127589,-0.25611019055509526,1,0.9774,0,moderate,genus_or_higher,FALSE,NA,high,0.97
Gnathopogon taeniellus,COI,11,0.25880281690140844,0.005903065451532726,FALSE,-0.2528997514498757,0.9818,0.9951,0.1756420878210439,0.14157000828500416,0.2566176470588235,0.07269573322286661,-0.1839219138359569,FALSE,2,0.0017605633802816902,-0.25704225352112675,0.9818,0.9835,0,moderate,genus_or_higher,FALSE,NA,high,0.97
Gobiobotia filifer,COI,84,0.1795774647887324,0.009009942004971003,FALSE,-0.17056752278376142,0.3675,0.9606,0.0016570008285004142,0.09475973487986744,0.17874896437448218,0.025062137531068767,-0.15368682684341342,FALSE,1,0.006317315658657829,-0.17326014913007456,0.3675,1,0,moderate,genus_or_higher,FALSE,NA,high,0.97
Gobiobotia meridionalis,COI,16,0.10811930405965203,0.007870753935376968,FALSE,-0.10024855012427507,0.5,0.7075,0.05437033968516984,0.09776304888152444,0.10791217895608948,0.015948632974316486,-0.091963545981773,FALSE,1,0.006317315658657829,-0.1018019884009942,0.5833,0.9226,0,moderate,genus_or_higher,FALSE,NA,high,0.97
Gobiocypris rarus,COI,14,0.18972659486329743,0.011391880695940349,FALSE,-0.17833471416735708,0.7363,0.9457,0.1185791217895609,0.11547224523612262,0.17916321458160728,0.029308202154101078,-0.1498550124275062,FALSE,0,NA,NA,NA,NA,0,low,genus_or_higher,FALSE,NA,high,0.97
Gymnodiptychus pachycheilus,COI,80,0.25693869096934546,0.0076636288318144155,FALSE,-0.24927506213753103,0.7082,0.9993,0.13773819386909694,0.10925849212924607,0.17709196354598178,0.029204639602319803,-0.14788732394366197,FALSE,0,NA,NA,NA,NA,0,low,genus_or_higher,FALSE,NA,high,0.97
Harpadon nehereus,COI,150,0.1795774647887324,0.007249378624689312,FALSE,-0.1723280861640431,0.7526,0.9866,0.07166528583264292,0.09455260977630489,0.1056338028169014,0.017605633802816902,-0.0880281690140845,FALSE,0,NA,NA,NA,NA,0,low,genus_or_higher,FALSE,NA,high,0.97
Hemibagrus macropterus,COI,57,0.17823115161557582,0.00807787903893952,FALSE,-0.1701532725766363,0.7055,0.9714,0.09895401822700911,0.10294117647058823,0.1103976801988401,0.017709196354598177,-0.09268848384424191,FALSE,0,NA,NA,NA,NA,0,low,genus_or_higher,FALSE,NA,high,0.97
Hemibarbus labeo,COI,102,0.25538525269262635,0.0022783761391880694,FALSE,-0.2531068765534383,0.8707,0.9988,0.0992129246064623,0.10987986743993372,0.1743993371996686,0.01936619718309859,-0.15503314001657,FALSE,3,2.0712510356255177e-4,-0.2551781275890638,0.9911,0.9984,0,high,genus_or_higher,FALSE,NA,high,0.97
Hemibarbus longirostris,COI,10,0.17926677713338857,0.007870753935376968,FALSE,-0.1713960231980116,0.8667,0.9485,0.10138773819386909,0.10749792874896437,0.17889395194697597,0.017294946147473074,-0.1615990057995029,FALSE,3,0.005592377796188898,-0.17367439933719966,0.8667,0.9852,0,moderate,genus_or_higher,FALSE,NA,high,0.97
Hemibarbus maculatus,COI,25,0.20992129246064622,0.0015534382767191384,FALSE,-0.2083678541839271,0.9267,0.995,0.09683098591549295,0.10345898922949462,0.16518227009113504,0.014084507042253521,-0.1510977630488815,FALSE,3,4.1425020712510354e-4,-0.20950704225352113,0.9633,0.9933,0,high,genus_or_higher,FALSE,NA,high,0.97
Hemibarbus medius,COI,8,0.09973073736536868,0.007870753935376968,FALSE,-0.09185998342999172,0.5714,0.3388,0.09900579950289976,0.10967274233637117,0.0996271748135874,0.01387738193869097,-0.08574979287489644,FALSE,3,2.0712510356255177e-4,-0.09952361226180613,0.9286,0.4644,0,low,genus_or_higher,FALSE,NA,high,0.97
Hemiculter leucisculus,COI,721,0.260149130074565,0.0017605633802816902,FALSE,-0.25838856669428334,0.9184,0.9999,0.03572908036454018,0.10169842584921293,0.13773819386909694,0.018951946975973487,-0.11878624689312345,FALSE,1,0.0015534382767191384,-0.25859569179784586,0.9215,1,0,moderate,genus_or_higher,FALSE,NA,high,0.97
Hemiculter tchangi,COI,33,0.14633388566694283,0.0017605633802816902,FALSE,-0.14457332228666114,0.767,0.9056,0.08740679370339685,0.09227423363711681,0.14074150787075393,0.016570008285004142,-0.12417149958574979,FALSE,1,0.0015534382767191384,-0.1447804473902237,0.767,0.9927,0,moderate,genus_or_higher,FALSE,NA,high,0.97
Hemiculterella sauvagei,COI,42,0.17636702568351284,0.003003314001657001,FALSE,-0.17336371168185583,0.8757,0.9693,0.061412593206296606,0.10024855012427507,0.1267605633802817,0.014084507042253521,-0.11267605633802817,FALSE,1,0.003728251864125932,-0.17263877381938691,0.8641,0.9624,0,moderate,genus_or_higher,FALSE,NA,high,0.97
Hemiculterella wui,COI,71,0.17781690140845072,0.0035211267605633804,FALSE,-0.17429577464788734,0.1614,0.9435,4.1425020712510354e-4,0.10780861640430821,0.10884424192212096,0.02009113504556752,-0.08875310687655344,FALSE,1,0.003728251864125932,-0.1740886495443248,0.161,1,0,moderate,genus_or_higher,FALSE,NA,high,0.97
Hemisalanx brachyrostralis,COI,10,0.17905965202982602,0.004763877381938691,FALSE,-0.1742957746478873,0.7778,0.9596,0.10542667771333886,0.10677299088649544,0.17874896437448218,0.019055509527754765,-0.15969345484672742,FALSE,0,NA,NA,NA,NA,0,low,genus_or_higher,FALSE,NA,high,0.97
Homatula potanini,COI,12,0.09890223695111848,0.010252692626346312,FALSE,-0.08864954432477216,0.7727,0.3439,0.05110811930405965,0.11319386909693455,0.0927920463960232,0.035413214581607295,-0.05737883181441591,FALSE,1,0.006938690969345485,-0.09196354598177299,0.7727,0.6176,0,moderate,genus_or_higher,FALSE,NA,high,0.97
Homatula variegata,COI,17,0.2503106876553438,0.0071458160729080365,FALSE,-0.24316487158243577,0.875,0.9987,0.1114850869925435,0.11464374482187241,0.20583057166528584,0.028169014084507043,-0.1776615575807788,FALSE,1,0.006938690969345485,-0.24337199668599832,0.8824,1,0,moderate,genus_or_higher,FALSE,NA,high,0.97
Hucho bleekeri,COI,10,0.17854183927091963,0.00579950289975145,FALSE,-0.17274233637116818,0.7111,0.9204,0.12572493786246894,0.11174399337199668,0.17810687655343826,0.029101077050538524,-0.14900579950289974,FALSE,0,NA,NA,NA,NA,0,low,genus_or_higher,FALSE,NA,high,0.97
Huso gueldenstaedtii,COI,154,0.20981772990886496,7.249378624689313e-4,FALSE,-0.20909279204639603,0.9622,0.997,0.09683098591549295,0.10635874067937034,0.17854183927091963,0.018019884009942005,-0.16052195526097762,FALSE,3,0.00010356255178127589,-0.20971416735708368,0.9969,0.9999,0,high,genus_or_higher,FALSE,NA,high,0.97
Huso nudiventris,COI,25,0.18061309030654515,0.001035625517812759,FALSE,-0.1795774647887324,0.8933,0.9701,0.06990472245236122,0.09817729908864954,0.1641466445733223,0.016259320629660314,-0.14788732394366197,FALSE,3,6.213753106876554e-4,-0.1799917149958575,0.9267,0.9944,0,high,genus_or_higher,FALSE,NA,high,0.97
Huso ruthenus,COI,103,0.20971416735708368,8.285004142502071e-4,FALSE,-0.20888566694283348,0.9463,0.9976,0.10097348798674399,0.10801574150787076,0.16072908036454017,0.019055509527754765,-0.14167357083678542,FALSE,3,0.00010356255178127589,-0.2096106048053024,0.9945,0.9999,0,high,genus_or_higher,FALSE,NA,high,0.97
Huso stellatus,COI,260,0.20950704225352113,0.001035625517812759,FALSE,-0.20847141673570838,0.814,0.9991,0.08429991714995858,0.10780861640430821,0.12572493786246894,0.03003314001657001,-0.09569179784589893,FALSE,3,7.249378624689313e-4,-0.2087821043910522,0.8898,0.9998,0,high,genus_or_higher,FALSE,NA,high,0.97
Hypophthalmichthys molitrix,COI,437,0.21054266777133387,5.178127589063795e-4,FALSE,-0.21002485501242749,0.9667,0.9928,0.09838442419221209,0.11029411764705882,0.17719552609776304,0.017812758906379452,-0.15938276719138358,FALSE,1,0.00010356255178127589,-0.21043910521955259,0.9979,0.9999,0,moderate,genus_or_higher,FALSE,NA,high,0.97
Hypophthalmichthys nobilis,COI,78,0.19386909693454846,7.249378624689313e-4,FALSE,-0.19314415907207952,0.9514,0.9847,0.05157415078707539,0.10149130074565037,0.11420878210439107,0.013566694283347142,-0.10064208782104393,FALSE,1,0.00010356255178127589,-0.19376553438276717,0.991,0.994,0,moderate,genus_or_higher,FALSE,NA,high,0.97
Hyporhamphus intermedius,COI,13,0.10987986743993372,0.010977630488815244,FALSE,-0.09890223695111848,0.4615,0.7056,0.008958160729080365,0.09589892294946148,0.10726491300745647,0.016673570836785417,-0.09059134217067105,FALSE,0,NA,NA,NA,NA,0,low,genus_or_higher,FALSE,NA,high,0.97
Hypostomus plecostomus,COI,25,0.10749792874896437,0.01108119304059652,FALSE,-0.09641673570836785,0.66,0.6783,0.03345070422535211,0.09330985915492958,0.10647783761391881,0.01584507042253521,-0.0906327671913836,FALSE,0,NA,NA,NA,NA,0,low,genus_or_higher,FALSE,NA,high,0.97
Ictalurus punctatus,COI,189,0.20277547638773818,0.008699254349627174,FALSE,-0.194076222038111,0.6981,0.9929,0.0992129246064623,0.10211267605633803,0.17201739850869927,0.015430820215410108,-0.15658657829328915,FALSE,0,NA,NA,NA,NA,0,low,genus_or_higher,FALSE,NA,high,0.97
Ictiobus cyprinellus,COI,22,0.17843827671913837,0.007456503728251864,FALSE,-0.17098177299088652,0.6364,0.9546,0.10646230323115162,0.10708367854183927,0.17807580778790388,0.014705882352941176,-0.1633699254349627,FALSE,0,NA,NA,NA,NA,0,low,genus_or_higher,FALSE,NA,high,0.97
Ilisha elongata,COI,166,0.20236122618061309,0.006835128417564209,FALSE,-0.19552609776304888,0.6365,0.9854,0.10863711681855841,0.14654101077050538,0.1735708367854184,0.01936619718309859,-0.1542046396023198,FALSE,0,NA,NA,NA,NA,0,low,genus_or_higher,FALSE,NA,high,0.97
Jinshaia abbreviata,COI,15,0.17771333885666943,3.106876553438277e-4,FALSE,-0.1774026512013256,0.9714,0.9376,0.05727009113504557,0.11019055509527755,0.17543496271748135,0.026097763048881523,-0.14933719966859982,FALSE,1,2.0712510356255177e-4,-0.17750621375310688,0.9905,0.987,0,moderate,genus_or_higher,FALSE,NA,high,0.97
Jinshaia sinensis,COI,36,0.17833471416735708,0.0022783761391880694,FALSE,-0.176056338028169,0.8762,0.9513,0.09983429991714995,0.10584092792046396,0.1757456503728252,0.01688069594034797,-0.15886495443247722,FALSE,1,2.0712510356255177e-4,-0.17812758906379453,0.9778,0.9963,0,moderate,genus_or_higher,FALSE,NA,high,0.97
Konosirus punctatus,COI,48,0.21064623032311516,0.007870753935376968,FALSE,-0.20277547638773818,0.6463,0.9957,0.01936619718309859,0.09372410936205468,0.11588649544324772,0.01563794531897266,-0.10024855012427505,FALSE,0,NA,NA,NA,NA,0,low,genus_or_higher,FALSE,NA,high,0.97
Labeo calbasu,COI,183,0.18661971830985916,0.002899751449875725,FALSE,-0.18371996685998343,0.8807,0.992,0.014498757249378625,0.09217067108533554,0.09434548467274234,0.014291632145816073,-0.08005385252692626,FALSE,2,0.002899751449875725,-0.18371996685998343,0.8807,0.998,0,moderate,genus_or_higher,FALSE,NA,high,0.97
Labeo catla,COI,300,0.20039353769676885,5.178127589063795e-4,FALSE,-0.19987572493786246,0.976,0.9975,0.07321872410936206,0.09372410936205468,0.10646230323115162,0.015223695111847556,-0.09123860811930407,FALSE,2,6.213753106876554e-4,-0.1997721623860812,0.9709,0.9996,0,moderate,genus_or_higher,FALSE,NA,high,0.97
Labeo rohita,COI,558,0.21074979287489642,0.001035625517812759,FALSE,-0.20971416735708368,0.9675,0.9989,0.06980115990057995,0.09548467274233637,0.12261806130903065,0.015327257663628831,-0.10729080364540182,FALSE,2,6.213753106876554e-4,-0.21012841756420877,0.9745,1,0,moderate,genus_or_higher,FALSE,NA,high,0.97
Lateolabrax japonicus,COI,97,0.2603562551781276,0.0071458160729080365,FALSE,-0.25321043910521956,0.8458,0.9996,0.07239022369511185,0.09776304888152444,0.17864540182270092,0.01739850869925435,-0.16124689312344656,FALSE,0,NA,NA,NA,NA,0,low,genus_or_higher,FALSE,NA,high,0.97
Lepisosteus oculatus,COI,75,0.20722866611433305,0.006317315658657829,FALSE,-0.2009113504556752,0.8058,0.9966,0.10687655343827672,0.10791217895608948,0.17709196354598178,0.02972245236122618,-0.1473695111847556,FALSE,0,NA,NA,NA,NA,0,low,genus_or_higher,FALSE,NA,high,0.97
Lepomis cyanellus,COI,64,0.19096934548467273,0.01004556752278376,FALSE,-0.18092377796188897,0.69,0.9844,0.09952361226180613,0.10615161557580778,0.18144159072079535,0.016052195526097764,-0.16538939519469759,FALSE,2,0.007767191383595692,-0.18320215410107704,0.69,0.9985,0,moderate,genus_or_higher,FALSE,NA,high,0.97
Lepomis gibbosus,COI,96,0.20981772990886496,0.008285004142502071,FALSE,-0.20153272576636289,0.5825,0.9953,0.021023198011599006,0.0996271748135874,0.11837199668599835,0.016259320629660314,-0.10211267605633803,FALSE,2,0.007352941176470588,-0.20246478873239437,0.6169,1,0,moderate,genus_or_higher,FALSE,NA,high,0.97
Lepomis macrochirus,COI,70,0.17854183927091963,0.007767191383595692,FALSE,-0.17077464788732394,0.6915,0.9614,0.021333885666942835,0.10138773819386909,0.12809652029824536,0.015948632974316486,-0.11214788732392889,FALSE,2,0.007352941176470588,-0.17118889809444904,0.7101,0.9538,0,moderate,genus_or_higher,FALSE,NA,high,0.97
Leptobotia bellacauda,COI,5,0.17512427506213754,0.007249378624689312,FALSE,-0.16787489643744824,0.8,0.8946,0.12220381110190555,0.11277961888980945,0.17512427506213754,0.027236951118475558,-0.147887323943662,FALSE,10,0.00579950289975145,-0.1693247721623861,0.8,0.8752,0,low,genus_or_higher,FALSE,NA,high,0.97
Leptobotia citrauratea,COI,17,0.12355012427506214,0.007456503728251864,FALSE,-0.11609362054681027,0.5294,0.6364,0.12303231151615576,0.10138773819386909,0.12344656172328086,0.02899751449875725,-0.09444904722452362,FALSE,10,0.003935376967688484,-0.11961474730737365,0.5809,0.7757,0,moderate,genus_or_higher,FALSE,NA,high,0.97
Leptobotia elongata,COI,30,0.17729908864954433,0.006317315658657829,FALSE,-0.1709817729908865,0.7885,0.9078,0.0996271748135874,0.10770505385252693,0.17678127589063794,0.016570008285004142,-0.1602112676056338,FALSE,10,4.1425020712510354e-4,-0.17688483844241923,0.908,0.9896,0,high,genus_or_higher,FALSE,NA,high,0.97
Leptobotia hengyangensis,COI,6,0.1224109362054681,0.006317315658657829,FALSE,-0.11609362054681027,0.5333,0.6581,0.1215824357912179,0.10252692626346313,0.1223384424192212,0.02671913835956918,-0.09561930405965202,FALSE,10,0.004246064623032311,-0.11816487158243578,0.8,0.7318,0,low,genus_or_higher,FALSE,NA,high,0.97
Leptobotia microphthalma,COI,22,0.1769884009942005,0.005695940347970174,FALSE,-0.17129246064623033,0.7576,0.9502,0.10014498757249378,0.10459817729908864,0.17559030654515329,0.016777133388566696,-0.15881317315658658,FALSE,10,4.1425020712510354e-4,-0.1765741507870754,0.9481,0.9906,0,high,genus_or_higher,FALSE,NA,high,0.97
Leptobotia pellegrini,COI,14,0.17833471416735708,0.004246064623032311,FALSE,-0.17408864954432476,0.9341,0.9386,0.10086992543496272,0.10666942833471417,0.1767294946147473,0.020608947804473903,-0.1561205468102734,FALSE,10,0.003935376967688484,-0.1743993371996686,0.9341,0.9986,0,moderate,genus_or_higher,FALSE,NA,high,0.97
Leptobotia rubrilabris,COI,14,0.17729908864954433,0.004763877381938691,FALSE,-0.17253521126760563,0.6813,0.9205,0.009631317315658658,0.10708367854183927,0.17688483844241923,0.025787075393537695,-0.15109776304888153,FALSE,10,0.004246064623032311,-0.17305302402651201,0.8242,0.9875,0,moderate,genus_or_higher,FALSE,NA,high,0.97
Leptobotia taeniops,COI,19,0.17812758906379453,0.004349627174813587,FALSE,-0.17377796188898095,0.8538,0.937,0.10035211267605634,0.10646230323115162,0.17626346313173158,0.0171913835956918,-0.15907207953603977,FALSE,10,0.0025890637945318973,-0.17553852526926264,0.883,0.9982,0,moderate,genus_or_higher,FALSE,NA,high,0.97
Leptobotia tientainensis,COI,10,0.1224109362054681,0.003935376967688484,FALSE,-0.11847555923777961,0.9111,0.6887,0.09900579950289976,0.10335542667771334,0.1224109362054681,0.018848384424192212,-0.10356255178127588,FALSE,10,0.0011391880695940347,-0.12127174813587406,0.9111,0.777,0,moderate,genus_or_higher,FALSE,NA,high,0.97
Lepturichthys fimbriatus,COI,75,0.06462303231151616,0.0035211267605633804,FALSE,-0.061101905550952774,0.6966,0.1573,0.010252692626346312,0.09900579950289976,0.06410521955260978,0.017812758906379452,-0.04629246064623033,FALSE,0,NA,NA,NA,NA,0,low,genus_or_higher,FALSE,NA,high,0.97
Leuciscus aspius,COI,55,0.11671499585749792,0.006213753106876553,FALSE,-0.11050124275062137,0.5576,0.8604,0.0076636288318144155,0.09310273405136703,0.10892709196354597,0.014084507042253521,-0.09484258492129245,FALSE,0,NA,NA,NA,NA,0,low,genus_or_higher,FALSE,NA,high,0.97
Liobagrus aequilabris,COI,26,0.10449461474730737,0.0035211267605633804,FALSE,-0.10097348798674399,0.52,0.5891,0.10366611433305717,0.10273405136702568,0.10418392709196354,0.016673570836785417,-0.08751035625517813,FALSE,6,0.0016570008285004142,-0.10283761391880696,0.5631,0.6036,0,high,genus_or_higher,FALSE,NA,high,0.97
Liobagrus anguillicauda,COI,17,0.25642087821043913,0.0031068765534382767,FALSE,-0.25331400165700085,0.7941,0.9982,0.10423570836785417,0.10615161557580778,0.17968102734051367,0.016673570836785417,-0.16300745650372825,FALSE,6,0.003003314001657001,-0.25341756420878214,0.7941,0.9925,0,moderate,genus_or_higher,FALSE,NA,high,0.97
Liobagrus kingi,COI,7,0.25838856669428334,0.008285004142502071,FALSE,-0.2501035625517813,0.9524,0.9926,0.20867854183927093,0.14695526097763048,0.25807787903893953,0.05519884009942005,-0.20287903893951947,FALSE,6,0.00010356255178127589,-0.25828500414250205,1,0.989,0,low,genus_or_higher,FALSE,NA,high,0.97
Liobagrus marginatoides,COI,12,0.25652444076222036,0.0016570008285004142,FALSE,-0.25486743993371996,0.9091,0.998,0.10294117647058823,0.106980115990058,0.18281379453189725,0.016052195526097764,-0.16676159900579948,FALSE,6,7.249378624689313e-4,-0.25579950289975145,0.9091,0.9924,0,moderate,genus_or_higher,FALSE,NA,high,0.97
Liobagrus marginatus,COI,30,0.17709196354598178,0.006213753106876553,FALSE,-0.17087821043910523,0.577,0.9416,0.10408036454018227,0.10480530240265121,0.17584921292460645,0.016984258492129246,-0.1588649544324772,FALSE,6,0.00010356255178127589,-0.1769884009942005,0.9678,0.9329,0,high,genus_or_higher,FALSE,NA,high,0.97
Liobagrus nigricauda,COI,7,0.25921706710853354,0.01004556752278376,FALSE,-0.24917149958574977,0.9524,0.995,0.20816072908036454,0.16176470588235295,0.25890637945318973,0.0790182270091135,-0.17988815244407624,FALSE,6,7.249378624689313e-4,-0.25849212924606463,0.9524,0.9986,0,low,genus_or_higher,FALSE,NA,high,0.97
Liobagrus styani,COI,12,0.17864540182270092,0.001864125932062966,FALSE,-0.17678127589063794,0.8636,0.9567,0.10330364540182271,0.10573736536868268,0.17763566694283348,0.016777133388566696,-0.16085853355426677,FALSE,6,9.32062966031483e-4,-0.17771333885666943,0.8636,0.9571,0,moderate,genus_or_higher,FALSE,NA,high,0.97
Lophiogobius ocellicauda,COI,8,0.10811930405965203,0.010977630488815244,FALSE,-0.09714167357083679,0.7143,0.6313,0.012686412593206298,0.10138773819386909,0.1080105633802817,0.016052195526097764,-0.09195836785418393,FALSE,0,NA,NA,NA,NA,0,low,genus_or_higher,FALSE,NA,high,0.97
Luciobarbus capito,COI,18,0.17750621375310688,0.0076636288318144155,FALSE,-0.16984258492129245,0.732,0.9171,0.10076636288318144,0.10729080364540182,0.17719552609776304,0.015534382767191384,-0.16166114333057166,FALSE,0,NA,NA,NA,NA,0,low,genus_or_higher,FALSE,NA,high,0.97
Luciobrama macrocephalus,COI,5,0.01335956917978459,0.012531068765534384,FALSE,-8.285004142502064e-4,0.6,0.0031,0.012738193869096935,0.09196354598177299,0.01335956917978459,0.015016570008285005,0.0016570008285004146,TRUE,0,NA,NA,NA,NA,0,low,genus_or_higher,FALSE,NA,high,0.97
Luciogobius guttatus,COI,123,0.28065451532725766,0.009942004971002486,FALSE,-0.27071251035625515,0.6925,0.9998,0.07145816072908036,0.109983429991715,0.15534382767191385,0.024233637116818557,-0.1311101905550953,FALSE,0,NA,NA,NA,NA,0,low,genus_or_higher,FALSE,NA,high,0.97
Macrognathus aculeatus,COI,56,0.19614747307373653,0.009424192212096106,FALSE,-0.18672328086164042,0.7182,0.9936,0.08222866611433306,0.08699254349627175,0.17905965202982602,0.016570008285004142,-0.1624896437448219,FALSE,0,NA,NA,NA,NA,0,low,genus_or_higher,FALSE,NA,high,0.97
Macropodus ocellatus,COI,41,0.22328086164043082,0.01335956917978459,FALSE,-0.20992129246064622,0.5146,0.997,0.10692833471416735,0.11443661971830986,0.18030240265120132,0.0317937033968517,-0.14850869925434962,FALSE,1,0.012220381110190555,-0.21106048053024026,0.5146,0.9819,0,moderate,genus_or_higher,FALSE,NA,high,0.97
Macropodus opercularis,COI,27,0.23436205468102733,0.010977630488815244,FALSE,-0.22338442419221208,0.7749,0.9883,0.14136288318144158,0.12841756420878211,0.23384424192212097,0.030861640430820216,-0.20298260149130076,FALSE,1,0.012220381110190555,-0.22214167357083678,0.7749,0.9819,0,moderate,genus_or_higher,FALSE,NA,high,0.97
Mastacembelus armatus,COI,204,0.19003728251864127,0.007974316487158243,FALSE,-0.18206296603148303,0.7606,0.9949,0.013566694283347142,0.09268848384424193,0.10242336371168186,0.015534382767191384,-0.08688898094449048,FALSE,0,NA,NA,NA,NA,0,low,genus_or_higher,FALSE,NA,high,0.97
Megalobrama amblycephala,COI,27,0.10314830157415078,0.0023819386909693457,FALSE,-0.10076636288318143,0.8661,0.4695,0.033864954432477216,0.10542667771333886,0.10164664457332229,0.014498757249378625,-0.08714788732394366,FALSE,3,2.0712510356255177e-4,-0.10294117647058823,0.963,0.5864,0,high,genus_or_higher,FALSE,NA,high,0.97
Megalobrama pellegrini,COI,14,0.28583264291632143,0.003003314001657001,FALSE,-0.28282932891466445,0.8681,0.9971,0.16818558409279205,0.11422949461474731,0.25548881524440764,0.023612261806130904,-0.23187655343827673,FALSE,3,0.00010356255178127589,-0.28572908036454014,1,0.9964,0,moderate,genus_or_higher,FALSE,NA,high,0.97
Megalobrama skolkovii,COI,11,0.23954018227009113,0.00010356255178127589,FALSE,-0.23943661971830985,1,0.9815,0.13038525269262635,0.12437862468931235,0.23339892294946146,0.036350455675227836,-0.19704846727423364,FALSE,3,0.00010356255178127589,-0.23943661971830985,1,0.98,0,moderate,genus_or_higher,FALSE,NA,high,0.97
Megalobrama terminalis,COI,100,0.18454846727423363,0.0031068765534382767,FALSE,-0.18144159072079535,0.7505,0.9813,0.03365782932891467,0.1022162386081193,0.12893537696768848,0.018330571665285834,-0.11060480530240265,FALSE,3,0.0017605633802816902,-0.18278790389395194,0.7618,0.9579,0,high,genus_or_higher,FALSE,NA,high,0.97
Metahomaloptera omeiensis,COI,8,0.17843827671913837,0.002796188898094449,FALSE,-0.17564208782104393,0.9643,0.9266,0.10775683512841758,0.10853355426677713,0.17812758906379453,0.01739850869925435,-0.16072908036454017,FALSE,0,NA,NA,NA,NA,0,low,genus_or_higher,FALSE,NA,high,0.97
Micropercops swinhonis,COI,14,0.2431648715824358,0.009113504556752278,FALSE,-0.23405136702568352,0.8681,0.9974,0.10749792874896437,0.10811930405965203,0.19361019055509526,0.016259320629660314,-0.17735086992543495,FALSE,0,NA,NA,NA,NA,0,low,genus_or_higher,FALSE,NA,high,0.97
Microphysogobio chenhsienensis,COI,74,0.17781690140845072,0.009631317315658658,FALSE,-0.16818558409279205,0.1163,0.9408,0.007974316487158243,0.10729080364540182,0.17636702568351284,0.0231980115990058,-0.15316901408450703,FALSE,4,0.007042253521126761,-0.17077464788732397,0.5661,0.9185,0,high,genus_or_higher,FALSE,NA,high,0.97
Microphysogobio fukiensis,COI,8,0.17854183927091963,0.009320629660314831,FALSE,-0.1692212096106048,0.8214,0.8809,0.1061516155758078,0.11215824357912178,0.1781483015741508,0.02009113504556752,-0.15805716652858326,FALSE,4,0.005074565037282519,-0.17346727423363711,0.8214,0.9493,0,low,genus_or_higher,FALSE,NA,high,0.97
Microphysogobio kiatingensis,COI,9,0.10542667771333886,0.00756006628003314,FALSE,-0.09786661143330572,0.6667,0.5549,0.022576636288318144,0.09952361226180613,0.10472763048881524,0.01739850869925435,-0.0873291217895609,FALSE,4,0.005074565037282519,-0.10035211267605634,0.6667,0.1567,0,low,genus_or_higher,FALSE,NA,high,0.97
Microphysogobio nudiventris,COI,11,0.23384424192212097,0.003935376967688484,FALSE,-0.2299088649544325,0.9455,0.9916,0.14529826014913008,0.1185791217895609,0.21787489643744817,0.026926263463131733,-0.19094863297431644,FALSE,4,0.007767191383595692,-0.22607705053852528,0.9455,0.9935,0,moderate,genus_or_higher,FALSE,NA,high,0.97
Micropterus salmoides,COI,216,0.2611847555923778,0.007974316487158243,FALSE,-0.25321043910521956,0.8283,0.9999,0.09776304888152444,0.10387323943661972,0.18103251864125924,0.01615575807787904,-0.16487676056338021,FALSE,0,NA,NA,NA,NA,0,low,genus_or_higher,FALSE,NA,high,0.97
Miichthys miiuy,COI,33,0.1254142502071251,0.01004556752278376,FALSE,-0.11536868268434133,0.3693,0.9006,0.007249378624689312,0.09222245236122617,0.10124792874896438,0.015948632974316486,-0.0852992957746479,FALSE,0,NA,NA,NA,NA,0,low,genus_or_higher,FALSE,NA,high,0.97
Misgurnus anguillicaudatus,COI,954,0.41953189726594864,2.0712510356255177e-4,FALSE,-0.41932477216238606,0.9979,1,0.0841963545981773,0.10470173985086993,0.17367439933719966,0.02568351284175642,-0.14799088649544323,FALSE,2,0.00010356255178127589,-0.41942833471416735,0.9992,1,0,moderate,genus_or_higher,FALSE,NA,high,0.97
Misgurnus dabryanus,COI,304,0.3118268434134217,3.106876553438277e-4,FALSE,-0.3115161557580779,0.9669,1,0.07736122618061309,0.1035625517812759,0.1495443247721624,0.016259320629660314,-0.13328500414250208,FALSE,2,0.00010356255178127589,-0.3117232808616404,0.9977,0.998,0,moderate,genus_or_higher,FALSE,NA,high,0.97
Misgurnus mohoity,COI,45,0.17823115161557582,9.32062966031483e-4,FALSE,-0.17729908864954433,0.8677,0.9731,0.10159486329743164,0.1035625517812759,0.10791217895608948,0.015948632974316486,-0.091963545981773,FALSE,2,8.285004142502071e-4,-0.17740265120132562,0.8687,0.98740000000000006,0,moderate,genus_or_higher,FALSE,NA,high,0.97
Monopterus albus,COI,383,0.182062966031483,0.010149130074565037,FALSE,-0.17191383595691798,0.6268,0.9904,0.018848384424192212,0.09310273405136703,0.10128417564208782,0.01708782104391052,-0.0841963545981773,FALSE,0,NA,NA,NA,NA,0,low,genus_or_higher,FALSE,NA,high,0.97
Moolgarda cunnesius,COI,107,0.17864540182270092,0.009942004971002486,FALSE,-0.16870339685169844,0.2952,0.9925,0.005488815244407622,0.08989229494614748,0.09983429991714995,0.015430820215410108,-0.08440347970173985,FALSE,0,NA,NA,NA,NA,0,low,genus_or_higher,FALSE,NA,high,0.97
Mugil cephalus,COI,720,0.20505385252692626,0.006420878210439105,FALSE,-0.19863297431648716,0.868,0.9987,0.08036454018227009,0.09848798674399337,0.149026512013256,0.01636288318144159,-0.13266362883181443,FALSE,0,NA,NA,NA,NA,0,low,genus_or_higher,FALSE,NA,high,0.97
Mugilogobius abei,COI,32,0.22058823529411764,0.006213753106876553,FALSE,-0.2143744821872411,0.8206,0.9968,0.10982808616404308,0.10863711681855841,0.17825704225352113,0.019055509527754765,-0.15920153272576637,FALSE,1,0.005592377796188898,-0.21499585749792874,0.8246,0.9922,0,moderate,genus_or_higher,FALSE,NA,high,0.97
Mugilogobius myxodermus,COI,16,0.2207953603976802,0.006213753106876553,FALSE,-0.21458160729080364,0.8917,0.9931,0.10941383595691798,0.10967274233637117,0.21273301574150788,0.017605633802816902,-0.19512738193869097,FALSE,1,0.005592377796188898,-0.2152029826014913,0.8917,0.9961,0,moderate,genus_or_higher,FALSE,NA,high,0.97
Muraenesox cinereus,COI,53,0.13991300745650373,0.00807787903893952,FALSE,-0.1318351284175642,0.6575,0.9435,0.011184755592377795,0.08937448218724109,0.107306338028169,0.016052195526097764,-0.09125414250207123,FALSE,0,NA,NA,NA,NA,0,low,genus_or_higher,FALSE,NA,high,0.97
Myersina filifer,COI,34,0.1309030654515327,0.0115990057995029,FALSE,-0.11930405965202981,0.1729,0.9417,0.003624689312344656,0.09015120132560067,0.09952361226180613,0.014913007456503728,-0.0846106048053024,FALSE,0,NA,NA,NA,NA,0,low,genus_or_higher,FALSE,NA,high,0.97
Mylopharyngodon piceus,COI,54,0.18030240265120132,0.004867439933719967,FALSE,-0.17543496271748135,0.8099,0.9427,0.08026097763048881,0.10666942833471417,0.17046396023198013,0.015534382767191384,-0.15492957746478875,FALSE,0,NA,NA,NA,NA,0,low,genus_or_higher,FALSE,NA,high,0.97
Myxocyprinus asiaticus,COI,74,0.2869718309859155,0.010459817729908866,FALSE,-0.2765120132560066,0.5109,0.9994,0.1043910521955261,0.12002899751449876,0.20039353769676885,0.03686826843413422,-0.16352526926263464,FALSE,0,NA,NA,NA,NA,0,low,genus_or_higher,FALSE,NA,high,0.97
Neosalanx anderssoni,COI,24,0.207953603976802,0.006317315658657829,FALSE,-0.20163628831814415,0.7971,0.9893,0.10485708367854184,0.106980115990058,0.1638877381938691,0.01843413421706711,-0.145453603976802,FALSE,4,0.004349627174813587,-0.2036039768019884,0.8804,0.9912,0,high,genus_or_higher,FALSE,NA,high,0.97
Neosalanx brevirostris,COI,7,0.10345898922949462,5.178127589063795e-4,FALSE,-0.10294117647058824,0.6667,0.4879,0.10086992543496272,0.10376967688483844,0.10325186412593207,0.01708782104391052,-0.08616404308202155,FALSE,4,0.00010356255178127589,-0.10335542667771334,0.9048,0.521,0,low,genus_or_higher,FALSE,NA,high,0.97
Neosalanx oligodontis,COI,31,0.17905965202982602,0.0076636288318144155,FALSE,-0.1713960231980116,0.6301,0.9787,0.07570422535211267,0.09807373653686827,0.1421913835956918,0.018537696768848384,-0.12365368682684343,FALSE,4,0.006317315658657829,-0.17274233637116818,0.6602,0.9854,0,high,genus_or_higher,FALSE,NA,high,0.97
Neosalanx taihuensis,COI,65,0.18579121789560896,3.106876553438277e-4,FALSE,-0.18548053024026512,0.774,0.9732,8.285004142502071e-4,0.10832642916321458,0.17181027340513672,0.03106876553438277,-0.14074150787075396,FALSE,4,2.0712510356255177e-4,-0.1855840927920464,0.8466,0.9972,0,high,genus_or_higher,FALSE,NA,high,0.97
Neosalanx tangkahkeii,COI,30,0.20816072908036454,5.178127589063795e-4,FALSE,-0.20764291632145815,0.908,0.988,0.103976801988401,0.10801574150787076,0.17905965202982602,0.019055509527754765,-0.16000414250207126,FALSE,4,0.00010356255178127589,-0.20805716652858325,0.9793,0.994,0,high,genus_or_higher,FALSE,NA,high,0.97
Nipponocypris temminckii,COI,64,0.23332642916321458,0.007249378624689312,FALSE,-0.22607705053852528,0.8204,0.9986,0.1436930405965203,0.11661143330571665,0.20629660314830156,0.028893951946975974,-0.1774026512013256,FALSE,0,NA,NA,NA,NA,0,low,genus_or_higher,FALSE,NA,high,0.97
Ochetobius elongatus,COI,24,0.17771333885666943,0.006524440762220381,FALSE,-0.17118889809444904,0.5399,0.9469,0.03505592377796189,0.09434548467274234,0.17729908864954433,0.019780447390223697,-0.15751864125932064,FALSE,0,NA,NA,NA,NA,0,low,genus_or_higher,FALSE,NA,high,0.97
Odontamblyopus lacepedii,COI,50,0.20205053852526927,3.106876553438277e-4,FALSE,-0.20173985086992544,0.9159,0.9949,0.10242336371168186,0.10925849212924607,0.11391880695940348,0.018848384424192212,-0.09507042253521128,FALSE,1,3.106876553438277e-4,-0.20173985086992544,0.9159,1,0,moderate,genus_or_higher,FALSE,NA,high,0.97
Odontamblyopus rubicundus,COI,31,0.1365990057995029,0.006006628003314002,FALSE,-0.1305923777961889,0.8516,0.907,0.013152444076222038,0.09258492129246064,0.11029411764705882,0.01512013256006628,-0.09517398508699254,FALSE,1,3.106876553438277e-4,-0.13628831814415907,0.9742,0.9574,0,moderate,genus_or_higher,FALSE,NA,high,0.97
Odontobutis potamophilus,COI,9,0.10107705053852527,0.012220381110190555,FALSE,-0.08885666942833471,0.7222,0.3419,0.0687655343827672,0.11319386909693455,0.10107705053852527,0.016259320629660314,-0.08481772990886495,FALSE,1,0.009424192212096106,-0.09165285832642917,0.7222,0.193,0,low,genus_or_higher,FALSE,NA,high,0.97
Odontobutis sinensis,COI,19,0.21292460646230324,0.01232394366197183,FALSE,-0.2006006628003314,0.7836,0.9909,0.11971830985915492,0.1215824357912179,0.20992129246064622,0.021851698425849213,-0.188069594034797,FALSE,1,0.009424192212096106,-0.20350041425020712,0.807,0.9532,0,moderate,genus_or_higher,FALSE,NA,high,0.97
Oncorhynchus mykiss,COI,491,0.2612883181441591,0.006420878210439105,FALSE,-0.25486743993371996,0.8463,0.9999,0.08771748135874068,0.10211267605633803,0.16300745650372825,0.017502071251035624,-0.14550538525269263,FALSE,0,NA,NA,NA,NA,0,low,genus_or_higher,FALSE,NA,high,0.97
Onychostoma monticola,COI,5,0.1060480530240265,0.00403893951946976,FALSE,-0.10200911350455674,0.9,0.5769,0.01108119304059652,0.09998964374482186,0.10539560894780448,0.015016570008285005,-0.09037903893951947,FALSE,4,0.0025890637945318973,-0.1034589892294946,1,0.7189,0,low,genus_or_higher,FALSE,NA,high,0.97
Onychostoma ovale,COI,6,0.17719552609776304,0.006835128417564209,FALSE,-0.17036039768019884,0.8667,0.935,0.10615161557580778,0.10677299088649544,0.17705053852526925,0.01584507042253521,-0.16120546810273403,FALSE,4,0.00403893951946976,-0.17315658657829328,0.8667,0.9769,0,low,genus_or_higher,FALSE,NA,high,0.97
Onychostoma rarum,COI,9,0.2108533554266777,0.0046603148301574155,FALSE,-0.2061930405965203,0.9722,0.9864,0.11107083678541839,0.11412593206296603,0.20961060480530241,0.018330571665285834,-0.19128003314001657,FALSE,4,0.0025890637945318973,-0.20826429163214583,0.9722,0.9933,0,low,genus_or_higher,FALSE,NA,high,0.97
Onychostoma simum,COI,8,0.17719552609776304,0.006317315658657829,FALSE,-0.1708782104391052,0.8929,0.8942,0.10537489643744821,0.10749792874896437,0.17701946975973487,0.016777133388566696,-0.16024233637116816,FALSE,4,0.004246064623032311,-0.17294946147473073,0.8929,0.9706,0,low,genus_or_higher,FALSE,NA,high,0.97
Onychostoma yunnanense,COI,14,0.037489643744821874,0.006317315658657829,FALSE,-0.031172328086164044,0.6264,0.1283,0.02236951118475559,0.09486329743164872,0.033347141673570835,0.02475144987572494,-0.008595691797845896,FALSE,4,0.003935376967688484,-0.03355426677713339,0.6593,0.4031,0,moderate,genus_or_higher,FALSE,NA,high,0.97
Opsariichthys bidens,COI,223,0.2594241922120961,3.106876553438277e-4,FALSE,-0.2591135045567523,0.983,0.9998,0.015430820215410108,0.14239850869925436,0.17071251035625495,0.06079121789560895,-0.109921292460646,FALSE,2,3.106876553438277e-4,-0.2591135045567523,0.983,0.9997,0,moderate,genus_or_higher,FALSE,NA,high,0.97
Opsariichthys uncirostris,COI,191,0.28106876553438276,3.106876553438277e-4,FALSE,-0.28075807787903895,0.9709,0.9999,0.005074565037282519,0.1378417564208782,0.168910521955261,0.09475973487986744,-0.07415078707539355,FALSE,2,3.106876553438277e-4,-0.28075807787903895,0.9709,1,0,moderate,genus_or_higher,FALSE,NA,high,0.97
Oreochromis aureus,COI,113,0.23777961888980945,0.00010356255178127589,FALSE,-0.23767605633802816,0.996,0.9987,0.07881110190555095,0.1026304888152444,0.17840202982601489,0.017294946147473074,-0.16110708367854182,FALSE,2,0.00010356255178127589,-0.23767605633802816,0.996,0.9998,0,moderate,genus_or_higher,FALSE,NA,high,0.97
Oreochromis mossambicus,COI,206,0.23891880695940348,2.0712510356255177e-4,FALSE,-0.23871168185584093,0.9959,0.999,0.010459817729908866,0.09299917149958575,0.11164043082021541,0.014913007456503728,-0.09672742336371168,FALSE,2,0,-0.23891880695940348,0.9992,1,0,moderate,genus_or_higher,FALSE,NA,high,0.97
Oreochromis niloticus,COI,965,0.2375724937862469,2.0712510356255177e-4,FALSE,-0.23736536868268435,0.998,0.9984,0.05747721623860812,0.09931648715824358,0.13732394366197184,0.016466445733222868,-0.12085749792874897,FALSE,2,0,-0.2375724937862469,1,0.9997,0,moderate,genus_or_higher,FALSE,NA,high,0.97
Microphysogobio zhangi,COI,7,0.17688483844241923,0.009734879867439934,FALSE,-0.1671499585749793,0.6667,0.9306,0.10014498757249378,0.10584092792046396,0.17688483844241923,0.015016570008285005,-0.1618682684341342,FALSE,4,0.00528169014084507,-0.17160314830157417,0.6667,0.8768,0,low,genus_or_higher,FALSE,NA,high,0.97
Oryzias latipes,COI,638,0.2613918806959403,0.0022783761391880694,FALSE,-0.25911350455675225,0.9353,1,0.14094863297431648,0.11019055509527755,0.17460646230323115,0.03231151615575808,-0.14229494614747307,FALSE,1,3.106876553438277e-4,-0.2610811930405965,0.9915,1,0,moderate,genus_or_higher,FALSE,NA,high,0.97
Oryzias sinensis,COI,51,0.194076222038111,9.32062966031483e-4,FALSE,-0.19314415907207952,0.9035,0.9932,0.10014498757249378,0.1026304888152444,0.1704950289975145,0.018848384424192212,-0.1516466445733223,FALSE,1,3.106876553438277e-4,-0.19376553438276717,0.9412,0.9868,0,moderate,genus_or_higher,FALSE,NA,high,0.97
Oxuderces dentatus,COI,14,0.260149130074565,0.007456503728251864,FALSE,-0.2526926263463132,0.978,0.9987,0.14022369511184757,0.11671499585749792,0.23234258492129245,0.023612261806130904,-0.20873032311516154,FALSE,0,NA,NA,NA,NA,0,low,genus_or_higher,FALSE,NA,high,0.97
Oxyeleotris marmorata,COI,133,0.2594241922120961,0.008492129246064623,FALSE,-0.2509320629660315,0.7526,0.9993,0.10936205468102735,0.11775062137531069,0.18931234465617233,0.02216238608119304,-0.1671499585749793,FALSE,0,NA,NA,NA,NA,0,low,genus_or_higher,FALSE,NA,high,0.97
Pampus argenteus,COI,499,0.2113711681855841,0.006938690969345485,FALSE,-0.2044324772162386,0.8664,0.9992,0.10418392709196354,0.10594449047224523,0.15534382767191385,0.019573322286661143,-0.1357705053852527,FALSE,0,NA,NA,NA,NA,0,low,genus_or_higher,FALSE,NA,high,0.97
Parabotia banarescui,COI,9,0.17678127589063794,0.0025890637945318973,FALSE,-0.17419221209610605,0.9167,0.8979,0.10475352112676056,0.10822286661143331,0.17654826014913008,0.017605633802816902,-0.15894262634631318,FALSE,2,0.0025890637945318973,-0.17419221209610605,0.9167,0.9857,0,low,genus_or_higher,FALSE,NA,high,0.97
Parabotia bimaculatus,COI,11,0.17781690140845072,0.0035211267605633804,FALSE,-0.17429577464788734,0.7818,0.9658,0.056027340513670254,0.0962096106048053,0.1292046396023198,0.014498757249378625,-0.11470588235294116,FALSE,2,0.0035211267605633804,-0.17429577464788734,0.7818,1,0,moderate,genus_or_higher,FALSE,NA,high,0.97
Parabotia fasciatus,COI,20,0.17595277547638774,0.005903065451532726,FALSE,-0.17004971002485503,0.7632,0.9063,0.10283761391880696,0.10687655343827672,0.17544531897265947,0.01688069594034797,-0.1585646230323115,FALSE,2,0.0025890637945318973,-0.17336371168185585,0.9211,0.9525,0,moderate,genus_or_higher,FALSE,NA,high,0.97
Parabramis pekinensis,COI,40,0.286039768019884,0.0031068765534382767,FALSE,-0.28293289146644574,0.8923,0.999,0.0790182270091135,0.10470173985086993,0.2007042253521127,0.01512013256006628,-0.1855840927920464,FALSE,0,NA,NA,NA,NA,0,low,genus_or_higher,FALSE,NA,high,0.97
Paracanthobrama guichenoti,COI,8,0.20961060480530241,0.009009942004971003,FALSE,-0.2006006628003314,0.75,0.9764,0.17709196354598178,0.11878624689312345,0.20943454846727422,0.030550952775476387,-0.17888359569179782,FALSE,0,NA,NA,NA,NA,0,low,genus_or_higher,FALSE,NA,high,0.97
Parachromis managuensis,COI,23,0.12251449875724937,0.004453189726594863,FALSE,-0.11806130903065451,0.664,0.8853,0.007456503728251864,0.0936205468102734,0.10553024026512013,0.016052195526097764,-0.08947804473902236,FALSE,0,NA,NA,NA,NA,0,low,genus_or_higher,FALSE,NA,high,0.97
Paraqianlabeo lineatus,COI,12,0.1060480530240265,0.00807787903893952,FALSE,-0.09797017398508699,0.7273,0.5479,0.033502485501242754,0.10149130074565037,0.1060480530240265,0.014291632145816073,-0.09175642087821043,FALSE,0,NA,NA,NA,NA,0,low,genus_or_higher,FALSE,NA,high,0.97
Parastromateus niger,COI,148,0.16683927091963546,0.009217067108533554,FALSE,-0.1576222038111019,0.239,0.9911,0.004142502071251036,0.09268848384424193,0.07231772990886488,0.014705882352941176,-0.057611847555923704,FALSE,0,NA,NA,NA,NA,0,low,genus_or_higher,FALSE,NA,high,0.97
Paratanakia himantegus,COI,5,0.10666942833471417,0.008906379453189726,FALSE,-0.09776304888152444,0.7,0.5845,0.01134009942004971,0.0962096106048053,0.10638980944490473,0.015223695111847556,-0.09116611433305717,FALSE,0,NA,NA,NA,NA,0,low,genus_or_higher,FALSE,NA,high,0.97
Perca fluviatilis,COI,205,0.25590306545153274,0.007767191383595692,FALSE,-0.24813587406793705,0.7332,0.9996,0.09652029826014913,0.10190555095277548,0.1490938276719136,0.015430820215410108,-0.13366300745650347,FALSE,0,NA,NA,NA,NA,0,low,genus_or_higher,FALSE,NA,high,0.97
Percocypris pingi,COI,44,0.17833471416735708,0.013152444076222038,FALSE,-0.16518227009113504,0.5412,0.9828,0.015275476387738194,0.10884424192212096,0.16528583264291632,0.04204639602319801,-0.12323943661971831,FALSE,0,NA,NA,NA,NA,0,low,genus_or_higher,FALSE,NA,high,0.97
Periophthalmus magnuspinnatus,COI,342,0.23632974316487157,0.006420878210439105,FALSE,-0.22990886495443247,0.1185,0.9854,8.285004142502071e-4,0.14250207125103562,0.14333057166528584,0.10801574150787076,-0.035314830157415086,FALSE,1,0.002692626346313173,-0.2336371168185584,0.1185,1,434,moderate,genus_or_higher,FALSE,NA,high,0.97
Periophthalmus modestus,COI,237,0.2247307373653687,0.002796188898094449,FALSE,-0.22193454846727426,0.8234,0.9992,0.0871996685998343,0.10242336371168186,0.14695526097763048,0.025269262634631317,-0.12168599834299916,FALSE,1,0.002692626346313173,-0.22203811101905552,0.8263,0.9841,0,moderate,genus_or_higher,FALSE,NA,high,0.97
Phractocephalus hemioliopterus,COI,19,0.17937033968516986,0.010356255178127589,FALSE,-0.16901408450704228,0.6374,0.9727,0.017502071251035624,0.10019676884838442,0.11987365368682684,0.015741507870753936,-0.10413214581607291,FALSE,0,NA,NA,NA,NA,0,low,genus_or_higher,FALSE,NA,high,0.97
Piaractus brachypomus,COI,164,0.17854183927091963,0.00756006628003314,FALSE,-0.1709817729908865,0.5168,0.9742,0.009009942004971003,0.11226180613090307,0.11381524440762221,0.01915907207953604,-0.09465617232808617,FALSE,0,NA,NA,NA,NA,0,low,genus_or_higher,FALSE,NA,high,0.97
Plagiognathops microlepis,COI,23,0.28541839270919633,0.0022783761391880694,FALSE,-0.28314001657000826,0.8063,0.9975,0.106980115990058,0.10729080364540182,0.21350455675227825,0.014498757249378625,-0.19900579950289962,FALSE,0,NA,NA,NA,NA,0,low,genus_or_higher,FALSE,NA,high,0.97
Planiliza carinata,COI,12,0.024544324772162385,0.008699254349627174,FALSE,-0.01584507042253521,0.6212,0.309,0.01030447390223695,0.08792460646230323,0.019858119304059653,0.015223695111847556,-0.004634424192212097,FALSE,1,0.007456503728251864,-0.01708782104391052,0.6818,0.5388,0,moderate,genus_or_higher,FALSE,NA,high,0.97
Planiliza haematocheilus,COI,144,0.20225766362883182,0.004867439933719967,FALSE,-0.19739022369511186,0.8345,0.999,0.07912178956089479,0.09869511184755593,0.10480530240265121,0.016570008285004142,-0.08823529411764706,FALSE,1,0.007456503728251864,-0.19480115990057997,0.7578,1,0,moderate,genus_or_higher,FALSE,NA,high,0.97
Platycephalus indicus,COI,149,0.1371168185584093,0.006731565865782933,FALSE,-0.13038525269262635,0.8185,0.9473,0.013152444076222038,0.08968516984258493,0.0438069594034797,0.015948632974316486,-0.027858326429163215,FALSE,0,NA,NA,NA,NA,0,low,genus_or_higher,FALSE,NA,high,0.97
Platysmacheilus exiguus,COI,6,0.17864540182270092,0.005385252692626346,FALSE,-0.17326014913007456,0.7333,0.8802,0.17750621375310688,0.11381524440762221,0.17842792046396022,0.02568351284175642,-0.15274440762220381,FALSE,0,NA,NA,NA,NA,0,low,genus_or_higher,FALSE,NA,high,0.97
Plecoglossus altivelis,COI,58,0.20929991714995858,0.010149130074565037,FALSE,-0.19915078707539355,0.7623,0.9952,0.09444904722452362,0.09983429991714995,0.16673570836785417,0.016777133388566696,-0.14995857497928747,FALSE,0,NA,NA,NA,NA,0,low,genus_or_higher,FALSE,NA,high,0.97
Poecilia reticulata,COI,421,0.2881110190555095,0.009734879867439934,FALSE,-0.2783761391880696,0.8514,1,0.09973073736536868,0.10770505385252693,0.14850869925434962,0.01915907207953604,-0.12934962717481358,FALSE,1,0.009320629660314831,-0.2787903893951947,0.8565,0.9995,0,moderate,genus_or_higher,FALSE,NA,high,0.97
Poecilia velifera,COI,15,0.19594034797017398,0.009424192212096106,FALSE,-0.18651615575807787,0.7429,0.9808,0.01739850869925435,0.09714167357083679,0.17046396023198013,0.016466445733222868,-0.15399751449875726,FALSE,1,0.009320629660314831,-0.18661971830985916,0.7429,0.9937,0,moderate,genus_or_higher,FALSE,NA,high,0.97
Polyodon spathula,COI,31,0.1821665285832643,0.0032104391052195525,FALSE,-0.17895608947804473,0.8495,0.9676,0.08833885666942834,0.09973073736536868,0.18202154101077048,0.018641259320629662,-0.16338028169014082,FALSE,0,NA,NA,NA,NA,0,low,genus_or_higher,FALSE,NA,high,0.97
Prochilodus lineatus,COI,249,0.2551781275890638,0.007352941176470588,FALSE,-0.24782518641259318,0.8291,0.9995,0.10749792874896437,0.10760149130074564,0.18413421706710853,0.018227009113504555,-0.16590720795360397,FALSE,0,NA,NA,NA,NA,0,low,genus_or_higher,FALSE,NA,high,0.97
Procypris rabaudi,COI,91,0.25631731565865784,0.008181441590720795,FALSE,-0.24813587406793705,0.3705,0.9986,0.006731565865782933,0.11236536868268435,0.18330571665285833,0.06016466445733231,-0.12314105219552601,FALSE,0,NA,NA,NA,NA,0,low,genus_or_higher,FALSE,NA,high,0.97
Protosalanx chinensis,COI,45,0.20826429163214583,0.006731565865782933,FALSE,-0.20153272576636289,0.8242,0.9914,0.09916114333057166,0.10470173985086993,0.17843827671913837,0.01739850869925435,-0.161039768019884,FALSE,0,NA,NA,NA,NA,0,low,genus_or_higher,FALSE,NA,high,0.97
Psephurus gladius,COI,6,0.20981772990886496,0.0016570008285004142,FALSE,-0.20816072908036454,1,0.9918,0.1311101905550953,0.112986743993372,0.192129246064623,0.04617854183927092,-0.14595070422535208,FALSE,0,NA,NA,NA,NA,0,low,genus_or_higher,FALSE,NA,high,0.97
Pseudobrama simoni,COI,15,0.17709196354598178,0.00528169014084507,FALSE,-0.17181027340513672,0.8667,0.9179,0.0987986743993372,0.10760149130074564,0.17678127589063794,0.01563794531897266,-0.16114333057166527,FALSE,0,NA,NA,NA,NA,0,low,genus_or_higher,FALSE,NA,high,0.97
Pseudogobio vaillanti,COI,32,0.17792046396023198,0.008906379453189726,FALSE,-0.16901408450704225,0.6734,0.9378,0.01056338028169014,0.10770505385252693,0.17729908864954433,0.02216238608119304,-0.1551367025683513,FALSE,0,NA,NA,NA,NA,0,low,genus_or_higher,FALSE,NA,high,0.97
Pseudogyrinocheilus prochilus,COI,35,0.2869718309859155,0.006524440762220381,FALSE,-0.28044739022369514,0.6454,0.9992,0.09175642087821044,0.10729080364540182,0.2036350455675228,0.018227009113504555,-0.18540803645401824,FALSE,0,NA,NA,NA,NA,0,low,genus_or_higher,FALSE,NA,high,0.97
Pseudohemiculter dispar,COI,62,0.10987986743993372,0.0034175642087821046,FALSE,-0.10646230323115162,0.6663,0.8261,0.00528169014084507,0.08699254349627175,0.10490886495443248,0.014291632145816073,-0.09061723280861642,FALSE,1,0.0025890637945318973,-0.10729080364540182,0.6832,0.9739,0,moderate,genus_or_higher,FALSE,NA,high,0.97
Pseudohemiculter hainanensis,COI,13,0.17781690140845072,0.005385252692626346,FALSE,-0.17243164871582436,0.859,0.96,0.06560687655343828,0.10511599005799503,0.1327671913835957,0.014498757249378625,-0.11826843413421706,FALSE,1,0.0025890637945318973,-0.17522783761391883,0.8846,1,0,moderate,genus_or_higher,FALSE,NA,high,0.97
Pseudolaubuca engraulis,COI,43,0.17854183927091963,0.0051781275890637945,FALSE,-0.17336371168185583,0.7309,0.9822,0.010356255178127589,0.09734879867439934,0.10894780447390223,0.014809444904722453,-0.09413835956917978,FALSE,1,0.005385252692626346,-0.17315658657829328,0.7165,0.9995,0,moderate,genus_or_higher,FALSE,NA,high,0.97
Pseudolaubuca sinensis,COI,43,0.17854183927091963,0.0051781275890637945,FALSE,-0.17336371168185583,0.6002,0.9809,0.010874067937033969,0.09527754763877382,0.11007663628831814,0.014913007456503728,-0.09516362883181441,FALSE,1,0.005385252692626346,-0.17315658657829328,0.5936,0.9995,0,moderate,genus_or_higher,FALSE,NA,high,0.97
Pseudorasbora elongata,COI,11,0.17667771333885668,0.01615575807787904,FALSE,-0.16052195526097765,0.6909,0.8559,0.1259320629660315,0.11412593206296603,0.17639809444904722,0.027133388566694283,-0.14926470588235294,FALSE,1,0.015223695111847556,-0.1614540182270091,0.6909,0.9432,0,moderate,genus_or_higher,FALSE,NA,high,0.97
Pseudorasbora parva,COI,402,0.20981772990886496,0.006938690969345485,FALSE,-0.20287903893951947,0.755,0.9996,0.0747721623860812,0.08554266777133389,0.10853355426677713,0.015948632974316486,-0.09258492129246065,FALSE,1,0.015223695111847556,-0.1945940347970174,0.6987,1,0,moderate,genus_or_higher,FALSE,NA,high,0.97
Pterygoplichthys disjunctivus,COI,29,0.18413421706710853,0.005695940347970174,FALSE,-0.17843827671913837,0.6921,0.9755,0.09916114333057166,0.10335542667771334,0.11443661971830986,0.014705882352941176,-0.09973073736536868,FALSE,1,0.0046603148301574155,-0.17947390223695112,0.7143,1,0,moderate,genus_or_higher,FALSE,NA,high,0.97
Pterygoplichthys multiradiatus,COI,6,0.13338856669428334,0.0051781275890637945,FALSE,-0.12821043910521954,1,0.8092,0.10542667771333886,0.10490886495443248,0.12497928748964374,0.021333885666942835,-0.1036454018227009,FALSE,1,0.0046603148301574155,-0.12872825186412593,1,0.9195,0,low,genus_or_higher,FALSE,NA,high,0.97
Ptychobarbus chungtienensis,COI,12,0.18009527754763877,0.005592377796188898,FALSE,-0.17450289975144986,0.7121,0.9528,0.10832642916321458,0.10853355426677713,0.1799917149958575,0.017812758906379452,-0.16217895608947805,FALSE,1,0.00010356255178127589,-0.17999171499585748,0.9091,0.9716,0,moderate,genus_or_higher,FALSE,NA,high,0.97
Ptychobarbus kaznakovi,COI,47,0.25631731565865784,0.0025890637945318973,FALSE,-0.25372825186412595,0.9195,0.9988,0.10853355426677713,0.10905136702568351,0.1799917149958575,0.022887323943661973,-0.15710439105219554,FALSE,1,0.00010356255178127589,-0.25621375310687655,0.9917,1,0,moderate,genus_or_higher,FALSE,NA,high,0.97
Pygocentrus nattereri,COI,125,0.1735708367854184,0.01004556752278376,FALSE,-0.16352526926263464,0.6741,0.8474,0.10993164871582436,0.11381524440762221,0.14809444904722452,0.016466445733222868,-0.13162800331400165,FALSE,0,NA,NA,NA,NA,0,low,genus_or_higher,FALSE,NA,high,0.97
Rhinogobio cylindricus,COI,22,0.17729908864954433,0.016466445733222868,FALSE,-0.16083264291632146,0.4156,0.9031,0.014913007456503728,0.10729080364540182,0.1756420878210439,0.03189726594863297,-0.14374482187241094,FALSE,2,3.106876553438277e-4,-0.1769884009942005,0.5325,0.9621,0,moderate,genus_or_higher,FALSE,NA,high,0.97
Rhinogobio typus,COI,12,0.1765741507870754,0.004971002485501243,FALSE,-0.17160314830157414,0.7121,0.8218,0.10433927091963546,0.11205468102734051,0.17636702568351284,0.018951946975973487,-0.15741507870753935,FALSE,2,0.0046603148301574155,-0.17191383595691798,0.7121,0.9216,0,moderate,genus_or_higher,FALSE,NA,high,0.97
Rhinogobio ventralis,COI,12,0.21064623032311516,5.178127589063795e-4,FALSE,-0.21012841756420877,0.9545,0.9857,0.11309030654515327,0.11309030654515327,0.20759113504556753,0.019780447390223697,-0.18781068765534384,FALSE,2,3.106876553438277e-4,-0.21033554266777132,0.9545,0.9877,0,moderate,genus_or_higher,FALSE,NA,high,0.97
Rhinogobius brunneus,COI,101,0.2609776304888152,0.007042253521126761,FALSE,-0.2539353769676885,0.7604,0.9999,0.10915492957746478,0.11091549295774648,0.17885252692626347,0.018537696768848384,-0.16031483015741507,FALSE,2,0.0034175642087821046,-0.25756006628003314,0.8648,0.9998,0,moderate,genus_or_higher,FALSE,NA,high,0.97
Rhinogobius cliffordpopei,COI,18,0.17895608947804473,0.006213753106876553,FALSE,-0.17274233637116818,0.8366,0.9273,0.10625517812758907,0.10811930405965203,0.17843827671913837,0.016984258492129246,-0.1614540182270091,FALSE,2,0.005488815244407622,-0.17346727423363711,0.8562,0.9295,0,moderate,genus_or_higher,FALSE,NA,high,0.97
Rhinogobius similis,COI,186,0.22069179784589893,0.005488815244407622,FALSE,-0.21520298260149132,0.8134,0.9973,0.10553024026512013,0.10677299088649544,0.17647058823529413,0.016777133388566696,-0.15969345484672742,FALSE,2,0.0034175642087821046,-0.21727423363711681,0.8478,0.9981,0,moderate,genus_or_higher,FALSE,NA,high,0.97
Rhodeus fangi,COI,15,0.20950704225352113,0.01843413421706711,FALSE,-0.19107290803645402,0.6476,0.9839,0.1622825186412593,0.11733637116818559,0.20898922949461474,0.028272576636288318,-0.18071665285832642,FALSE,3,0.01791632145816073,-0.19159072079536038,0.6476,0.9927,0,moderate,genus_or_higher,FALSE,NA,high,0.97
Rhodeus lighti,COI,14,0.17926677713338857,0.003003314001657001,FALSE,-0.17626346313173158,0.9231,0.9636,0.10107705053852527,0.10718724109362054,0.17885252692626347,0.016259320629660314,-0.16259320629660315,FALSE,3,0.00010356255178127589,-0.17916321458160728,0.967,0.9727,0,moderate,genus_or_higher,FALSE,NA,high,0.97
Rhodeus ocellatus,COI,165,0.2104391052195526,0.0016570008285004142,FALSE,-0.2087821043910522,0.9373,0.9972,0.09641673570836785,0.106980115990058,0.17145298260149122,0.017812758906379452,-0.15364022369511177,FALSE,3,0.00010356255178127589,-0.21033554266777132,0.9959,1,0,high,genus_or_higher,FALSE,NA,high,0.97
Rhodeus sinensis,COI,66,0.20981772990886496,0.001967688483844242,FALSE,-0.20785004142502073,0.8,0.9976,0.10584092792046396,0.10573736536868268,0.15927920463960232,0.016777133388566696,-0.14250207125103562,FALSE,3,3.106876553438277e-4,-0.20950704225352113,0.9576,0.9995,0,high,genus_or_higher,FALSE,NA,high,0.97
Rhynchocypris lagowskii,COI,151,0.18019884009942005,0.008181441590720795,FALSE,-0.17201739850869927,0.7751,0.9878,0.07891466445733222,0.08274647887323944,0.168910521955261,0.0313794531897266,-0.1375310687655344,FALSE,1,0.004246064623032311,-0.17595277547638774,0.8383,1,0,moderate,genus_or_higher,FALSE,NA,high,0.97
Rhynchocypris oxycephalus,COI,123,0.17937033968516986,0.009009942004971003,FALSE,-0.17036039768019884,0.2407,0.9575,0.006938690969345485,0.10822286661143331,0.17802402651201327,0.0231980115990058,-0.15482601491300746,FALSE,1,0.004246064623032311,-0.17512427506213754,0.6913,0.9967,0,moderate,genus_or_higher,FALSE,NA,high,0.97
Salanx ariakensis,COI,110,0.20888566694283348,0.006731565865782933,FALSE,-0.20215410107705054,0.6038,0.9974,0.03811101905550953,0.08274647887323944,0.17201739850869927,0.025269262634631317,-0.14674813587406796,FALSE,0,NA,NA,NA,NA,0,low,genus_or_higher,FALSE,NA,high,0.97
Sander lucioperca,COI,103,0.25714581607290804,0.007767191383595692,FALSE,-0.24937862468931235,0.7611,0.9999,0.1000414250207125,0.10345898922949462,0.17031897265948617,0.016052195526097764,-0.1542667771333884,FALSE,0,NA,NA,NA,NA,0,low,genus_or_higher,FALSE,NA,high,0.97
Sarcocheilichthys davidi,COI,10,0.17636702568351284,0.016466445733222868,FALSE,-0.15990057995028997,0.3556,0.8888,0.0013463131731565865,0.10635874067937034,0.17636702568351284,0.026092584921292464,-0.15027444076222038,FALSE,4,0.00403893951946976,-0.17232808616404308,0.3556,0.8253,0,moderate,genus_or_higher,FALSE,NA,high,0.97
Sarcocheilichthys kiangsiensis,COI,6,0.17823115161557582,0.013048881524440762,FALSE,-0.16518227009113506,0.6667,0.8931,0.1748135874067937,0.11184755592377796,0.1781586578293289,0.024855012427506214,-0.1533036454018227,FALSE,4,0.009631317315658658,-0.16859983429991715,0.6667,0.9553,0,low,genus_or_higher,FALSE,NA,high,0.97
Sarcocheilichthys nigripinnis,COI,54,0.17937033968516986,0.00528169014084507,FALSE,-0.1740886495443248,0.7156,0.9592,0.010977630488815244,0.10729080364540182,0.17823115161557582,0.021023198011599006,-0.15720795360397682,FALSE,4,0.00403893951946976,-0.1753314001657001,0.7659,0.9702,0,high,genus_or_higher,FALSE,NA,high,0.97
Sarcocheilichthys parvus,COI,116,0.17729908864954433,0.014395194697597348,FALSE,-0.162903893951947,0.1144,0.9397,0.007352941176470588,0.1073943661971831,0.17667771333885668,0.024026512013256007,-0.15265120132560067,FALSE,4,0.01387738193869097,-0.16342170671085335,0.1144,0.9219,0,high,genus_or_higher,FALSE,NA,high,0.97
Sarcocheilichthys sinensis,COI,77,0.23218724109362054,0.008181441590720795,FALSE,-0.22400579950289976,0.5803,0.9959,0.08595691797845899,0.10770505385252693,0.188069594034797,0.023508699254349626,-0.1645608947804474,FALSE,4,0.008181441590720795,-0.22400579950289976,0.5803,0.999,0,high,genus_or_higher,FALSE,NA,high,0.97
Saurogobio dabryi,COI,136,0.17792046396023198,0.0076636288318144155,FALSE,-0.17025683512841755,0.7138,0.973,0.09848798674399337,0.10335542667771334,0.16652858326429162,0.01615575807787904,-0.1503728251864126,FALSE,4,0.006110190555095278,-0.1718102734051367,0.7763,0.9993,0,high,genus_or_higher,FALSE,NA,high,0.97
Saurogobio dumerili,COI,11,0.1774026512013256,0.008699254349627174,FALSE,-0.1687033968516984,0.6545,0.9244,0.10294117647058823,0.1060480530240265,0.176946975973488,0.016777133388566696,-0.16016984258492128,FALSE,4,0.008388566694283348,-0.16901408450704225,0.6545,0.9913,0,moderate,genus_or_higher,FALSE,NA,high,0.97
Saurogobio gracilicaudatus,COI,11,0.17760977630488814,0.006110190555095278,FALSE,-0.17149958574979285,0.5636,0.9435,0.10294117647058823,0.10470173985086993,0.17474109362054682,0.01688069594034797,-0.15786039768019886,FALSE,4,0.006110190555095278,-0.17149958574979285,0.5636,0.9935,0,moderate,genus_or_higher,FALSE,NA,high,0.97
Scaphesthes barbatula,COI,25,0.10863711681855841,0.006524440762220381,FALSE,-0.10211267605633803,0.6267,0.5135,0.054111433305716654,0.10791217895608948,0.10159486329743164,0.019780447390223697,-0.08181441590720795,FALSE,1,0.0034175642087821046,-0.1052195526097763,0.6533,0.985,0,moderate,genus_or_higher,FALSE,NA,high,0.97
Scaphesthes minnanensis,COI,8,0.09942004971002485,0.004142502071251036,FALSE,-0.09527754763877382,0.6786,0.3572,0.09584714167357083,0.1056338028169014,0.09938380281690141,0.017605633802816902,-0.08177816901408451,FALSE,1,0.0034175642087821046,-0.09600248550124275,0.6786,0.52,0,low,genus_or_higher,FALSE,NA,high,0.97
Scartelaos histophorus,COI,72,0.17833471416735708,4.1425020712510354e-4,FALSE,-0.17792046396023198,0.8725,0.9794,0.06731565865782933,0.09672742336371168,0.14263152444076221,0.016052195526097764,-0.12657932891466445,FALSE,0,NA,NA,NA,NA,0,low,genus_or_higher,FALSE,NA,high,0.97
Schistura fasciolata,COI,53,0.17647058823529413,0.009527754763877383,FALSE,-0.16694283347141675,0.6393,0.965,0.09041010770505385,0.10874067937033968,0.168910521955261,0.019780447390223697,-0.1491300745650373,FALSE,0,NA,NA,NA,NA,0,low,genus_or_higher,FALSE,NA,high,0.97
Schizopygopsis eckloni,COI,176,0.25828500414250205,9.32062966031483e-4,FALSE,-0.25735294117647056,0.9305,0.9991,0.10801574150787076,0.10791217895608948,0.17905965202982602,0.024233637116818557,-0.15482601491300746,FALSE,4,2.0712510356255177e-4,-0.2580778790389395,0.9854,1,0,high,genus_or_higher,FALSE,NA,high,0.97
Schizopygopsis kialingensis,COI,29,0.21106048053024026,0.0012427506213753107,FALSE,-0.20981772990886496,0.7808,0.9956,0.113556338028169,0.11505799502899751,0.170049710024855,0.042559030654515356,-0.12749067937033964,FALSE,4,6.213753106876554e-4,-0.2104391052195526,0.8251,0.9977,0,high,genus_or_higher,FALSE,NA,high,0.97
Schizopygopsis malacanthus,COI,216,0.25787075393537695,0.0024855012427506215,FALSE,-0.25538525269262635,0.7574,0.9999,0.028583264291632146,0.10863711681855841,0.16725352112676056,0.03127589063794532,-0.13597763048881523,FALSE,4,6.213753106876554e-4,-0.2572493786246893,0.9227,0.9999,0,high,genus_or_higher,FALSE,NA,high,0.97
Schizopygopsis microcephala,COI,7,0.09828086164043082,6.213753106876554e-4,FALSE,-0.09765948632974317,0.8095,0.4862,0.026512013256006627,0.0994718309859155,0.09828086164043082,0.01615575807787904,-0.08212510356255177,FALSE,4,2.0712510356255177e-4,-0.09807373653686827,0.8571,0.4991,0,low,genus_or_higher,FALSE,NA,high,0.97
Schizopygopsis potanini,COI,75,0.17854183927091963,0.004867439933719967,FALSE,-0.17367439933719966,0.7665,0.9834,0.012013256006628004,0.12054681027340514,0.15938276719138358,0.038421706710853355,-0.12096106048053024,FALSE,4,0.0015534382767191384,-0.1769884009942005,0.9063,0.9829,0,high,genus_or_higher,FALSE,NA,high,0.97
Schizothorax chongi,COI,15,0.25621375310687655,0.0014498757249378626,FALSE,-0.2547638773819387,0.8762,0.9967,0.10635874067937034,0.10749792874896437,0.18516984258492128,0.01512013256006628,-0.170049710024855,FALSE,9,0.00010356255178127589,-0.25611019055509526,0.9714,0.9951,0,moderate,genus_or_higher,FALSE,NA,high,0.97
Schizothorax davidi,COI,12,0.25642087821043913,4.1425020712510354e-4,FALSE,-0.25600662800331403,0.9242,0.9946,0.1774026512013256,0.12696768848384424,0.2562655343827672,0.02464788732394366,-0.23161764705882357,FALSE,9,0.00010356255178127589,-0.25631731565865784,1,0.9914,0,moderate,genus_or_higher,FALSE,NA,high,0.97
Schizothorax dolichonema,COI,11,0.10211267605633803,0.0012427506213753107,FALSE,-0.10086992543496272,0.7091,0.5675,0.017812758906379452,0.09424192212096107,0.1018019884009942,0.013980944490472245,-0.08782104391052196,FALSE,9,0.00010356255178127589,-0.10200911350455676,0.9455,0.4845,0,moderate,genus_or_higher,FALSE,NA,high,0.97
Schizothorax grahami,COI,13,0.17729908864954433,0.00010356255178127589,FALSE,-0.17719552609776304,0.9487,0.9403,0.09910936205468103,0.10449461474730737,0.1751398094449047,0.01387738193869097,-0.16126242750621372,FALSE,9,0.00010356255178127589,-0.17719552609776304,0.9487,0.9122,0,moderate,genus_or_higher,FALSE,NA,high,0.97
Schizothorax kozlovi,COI,71,0.2581814415907208,2.0712510356255177e-4,FALSE,-0.25797431648715824,0.9702,0.9989,0.10760149130074564,0.10801574150787076,0.18620546810273406,0.018537696768848384,-0.16766777133388566,FALSE,9,0.00010356255178127589,-0.25807787903893953,0.9883,0.9992,0,high,genus_or_higher,FALSE,NA,high,0.97
Schizothorax prenanti,COI,98,0.2873860811930406,5.178127589063795e-4,FALSE,-0.2868682684341342,0.9628,0.9993,0.09310273405136703,0.11205468102734051,0.19815658657829327,0.027547638773819386,-0.1706089478044739,FALSE,9,0.00010356255178127589,-0.2872825186412593,0.995,0.9999,0,high,genus_or_higher,FALSE,NA,high,0.97
Schizothorax sinensis,COI,9,0.17750621375310688,2.0712510356255177e-4,FALSE,-0.17729908864954433,0.9722,0.896,0.10615161557580778,0.10749792874896437,0.17742854183927093,0.01718620546810274,-0.1602423363711682,FALSE,9,0.00010356255178127589,-0.1774026512013256,1,0.8822,0,low,genus_or_higher,FALSE,NA,high,0.97
Schizothorax wangchiachii,COI,25,0.11402236951118476,5.178127589063795e-4,FALSE,-0.11350455675227838,0.9167,0.7607,0.10594449047224523,0.10584092792046396,0.11050124275062137,0.014913007456503728,-0.09558823529411764,FALSE,9,0.00010356255178127589,-0.11391880695940348,0.9767,0.7472,0,high,genus_or_higher,FALSE,NA,high,0.97
Schizothorax yunnanensis,COI,6,0.10024855012427507,0.002796188898094449,FALSE,-0.09745236122618062,0.7333,0.2667,0.09848798674399337,0.11236536868268435,0.10017605633802816,0.015430820215410108,-0.08474523612261806,FALSE,9,0.001967688483844242,-0.09828086164043083,0.8667,0.2708,0,low,genus_or_higher,FALSE,NA,high,0.97
Scortum barcoo,COI,27,0.18568765534382767,0.010977630488815244,FALSE,-0.1747100248550124,0.3932,0.9826,0.0013463131731565865,0.10708367854183927,0.18537696768848386,0.0519884009942005,-0.13338856669428337,FALSE,0,NA,NA,NA,NA,0,low,genus_or_higher,FALSE,NA,high,0.97
Semilabeo notabilis,COI,6,0.10408036454018227,0.006420878210439105,FALSE,-0.09765948632974317,0.8,0.5461,0.03355426677713339,0.09973073736536868,0.10284797017398509,0.014809444904722453,-0.08803852526926263,FALSE,0,NA,NA,NA,NA,0,low,genus_or_higher,FALSE,NA,high,0.97
Silurus asotus,COI,138,0.2602526926263463,0.002899751449875725,FALSE,-0.2573529411764706,0.9136,1,0.10294117647058823,0.10718724109362054,0.19014084507042253,0.017294946147473074,-0.17284589892294946,FALSE,2,0.002899751449875725,-0.2573529411764706,0.9136,0.9991,0,moderate,genus_or_higher,FALSE,NA,high,0.97
Silurus glanis,COI,51,0.17750621375310688,0.006731565865782933,FALSE,-0.17077464788732394,0.6643,0.9665,0.01791632145816073,0.09310273405136703,0.11291425020712509,0.015430820215410108,-0.09748342999171498,FALSE,2,0.005488815244407622,-0.17201739850869927,0.6722,0.9389,0,moderate,genus_or_higher,FALSE,NA,high,0.97
Silurus meridionalis,COI,27,0.20950704225352113,0.00528169014084507,FALSE,-0.20422535211267606,0.8746,0.982,0.11029411764705882,0.11495443247721623,0.2094552609776305,0.01988400994200497,-0.18957125103562553,FALSE,2,0.002899751449875725,-0.2066072908036454,0.8832,0.9777,0,moderate,genus_or_higher,FALSE,NA,high,0.97
Sinibotia reevesae,COI,17,0.17543496271748135,0.0014498757249378626,FALSE,-0.1739850869925435,0.8382,0.9615,0.10149130074565038,0.10252692626346313,0.10496064623032313,0.01563794531897266,-0.08932270091135047,FALSE,1,0.00010356255178127589,-0.17533140016570006,0.9926,0.9698,0,moderate,genus_or_higher,FALSE,NA,high,0.97
Sinibotia superciliaris,COI,39,0.17719552609776304,8.285004142502071e-4,FALSE,-0.17636702568351284,0.9069,0.9212,0.0996271748135874,0.1065658657829329,0.17678127589063794,0.016052195526097764,-0.16072908036454017,FALSE,1,0.00010356255178127589,-0.17709196354598175,0.9852,1,0,moderate,genus_or_higher,FALSE,NA,high,0.97
Sinibrama macrops,COI,41,0.167046396023198,0.003728251864125932,FALSE,-0.1633181441590721,0.5561,0.8985,0.09548467274233637,0.11174399337199668,0.16673570836785417,0.019055509527754765,-0.14768019884009942,FALSE,2,0.00010356255178127589,-0.16694283347141672,0.9732,0.8963,0,moderate,genus_or_higher,FALSE,NA,high,0.97
Sinibrama taeniatus,COI,9,0.10138773819386909,0.001967688483844242,FALSE,-0.09942004971002485,0.3889,0.5034,8.80281690140845e-4,0.10081814415907209,0.10138773819386909,0.013256006628003313,-0.08813173156586578,FALSE,2,0.004763877381938691,-0.0966238608119304,0.3889,0.6852,0,low,genus_or_higher,FALSE,NA,high,0.97
Sinibrama wui,COI,7,0.17823115161557582,0.009009942004971003,FALSE,-0.16922120961060483,0.8571,0.9424,0.13349212924606463,0.11583471416735708,0.17823115161557582,0.02795671085335543,-0.15027444076222038,FALSE,2,0.00010356255178127589,-0.17812758906379453,0.9524,1,0,low,genus_or_higher,FALSE,NA,high,0.97
Siniichthys bleekeri,COI,92,0.17595277547638774,0.0033140016570008283,FALSE,-0.17263877381938691,0.8163,0.9776,0.058616404308202155,0.09776304888152444,0.11723280861640431,0.014602319801159901,-0.1026304888152444,FALSE,0,NA,NA,NA,NA,0,low,genus_or_higher,FALSE,NA,high,0.97
Siniperca chuatsi,COI,47,0.23415492957746478,0.00010356255178127589,FALSE,-0.2340513670256835,0.987,0.9991,0.07446147473073736,0.1073943661971831,0.17771333885666943,0.01812344656172328,-0.15958989229494613,FALSE,5,0.00010356255178127589,-0.2340513670256835,0.987,0.9967,0,high,genus_or_higher,FALSE,NA,high,0.97
Siniperca knerii,COI,55,0.17854183927091963,3.106876553438277e-4,FALSE,-0.1782311516155758,0.8646,0.9451,0.10501242750621376,0.10791217895608948,0.17781690140845072,0.02040182270091135,-0.15741507870753937,FALSE,5,0.00010356255178127589,-0.17843827671913834,0.9825,0.9737,0,high,genus_or_higher,FALSE,NA,high,0.97
Siniperca obscura,COI,7,0.17895608947804473,0.0032104391052195525,FALSE,-0.17574565037282516,0.8571,0.9163,0.1065658657829329,0.10874067937033968,0.17864540182270092,0.017709196354598177,-0.16093620546810275,FALSE,5,0.003003314001657001,-0.1759527754763877,0.8571,0.949,0,low,genus_or_higher,FALSE,NA,high,0.97
Siniperca roulei,COI,8,0.17885252692626347,4.1425020712510354e-4,FALSE,-0.17843827671913837,0.9643,0.896,0.10594449047224523,0.11132974316487158,0.17871271748135875,0.01812344656172328,-0.16058927091963549,FALSE,5,4.1425020712510354e-4,-0.17843827671913837,0.9643,0.9093,0,low,genus_or_higher,FALSE,NA,high,0.97
Siniperca scherzeri,COI,194,0.21157829328914665,0.00528169014084507,FALSE,-0.2062966031483016,0.7631,0.9925,0.09548467274233637,0.1095691797845899,0.17916321458160728,0.02671913835956918,-0.1524440762220381,FALSE,5,4.1425020712510354e-4,-0.21116404308202155,0.9214,0.9965,0,high,genus_or_higher,FALSE,NA,high,0.97
Siniperca undulata,COI,10,0.17895608947804473,0.007352941176470588,FALSE,-0.17160314830157414,0.8,0.9044,0.10687655343827672,0.11174399337199668,0.17862468931234465,0.018951946975973487,-0.15967274233637116,FALSE,5,2.0712510356255177e-4,-0.17874896437448218,0.9778,0.9367,0,moderate,genus_or_higher,FALSE,NA,high,0.97
Sinobdella sinensis,COI,57,0.12375724937862469,0.007352941176470588,FALSE,-0.1164043082021541,0.812,0.8151,0.04649958574979288,0.10252692626346313,0.10967274233637117,0.016259320629660314,-0.09341342170671085,FALSE,0,NA,NA,NA,NA,0,low,genus_or_higher,FALSE,NA,high,0.97
Sinocyclocheilus grahami,COI,9,0.22690555095277548,0.01512013256006628,FALSE,-0.2117854183927092,0.7222,0.9864,0.1674606462303231,0.13199047224523613,0.22672431648715824,0.027029826014913008,-0.19969449047224525,FALSE,0,NA,NA,NA,NA,0,low,genus_or_higher,FALSE,NA,high,0.97
Sinogastromyzon hsiashiensis,COI,7,0.17729908864954433,0.004763877381938691,FALSE,-0.17253521126760563,0.8571,0.8858,0.1300745650372825,0.11371168185584093,0.1769884009942005,0.02796188898094449,-0.149026512013256,FALSE,2,0.0051781275890637945,-0.17212096106048053,0.8571,0.9481,0,low,genus_or_higher,FALSE,NA,high,0.97
Sinogastromyzon sichangensis,COI,21,0.25890637945318973,0.0024855012427506215,FALSE,-0.25642087821043913,0.8429,0.998,0.10076636288318144,0.10718724109362054,0.19397265948632975,0.015948632974316486,-0.17802402651201327,FALSE,2,0.0025890637945318973,-0.25631731565865784,0.8429,0.9799,0,moderate,genus_or_higher,FALSE,NA,high,0.97
Sinogastromyzon szechuanensis,COI,12,0.17636702568351284,0.007456503728251864,FALSE,-0.168910521955261,0.6818,0.8068,0.09797017398508699,0.112986743993372,0.17613400994200495,0.01688069594034797,-0.159253314001657,FALSE,2,0.0025890637945318973,-0.17377796188898095,0.8485,0.872,0,moderate,genus_or_higher,FALSE,NA,high,0.97
Sinosturio dabryanus,COI,14,0.10138773819386909,2.0712510356255177e-4,FALSE,-0.10118061309030654,0.7582,0.4496,0.009527754763877383,0.106980115990058,0.10107705053852527,0.01812344656172328,-0.08295360397680199,FALSE,2,2.0712510356255177e-4,-0.10118061309030654,0.7582,0.6297,0,moderate,genus_or_higher,FALSE,NA,high,0.97
Sinosturio schrenckii,COI,51,0.18247721623860813,0.0012427506213753107,FALSE,-0.18123446561723283,0.9349,0.9684,0.1035625517812759,0.11101905550952776,0.16849627174813586,0.020816072908036453,-0.14768019884009942,FALSE,2,0.001864125932062966,-0.18061309030654515,0.9341,0.9995,0,moderate,genus_or_higher,FALSE,NA,high,0.97
Sinosturio sinensis,COI,25,0.18009527754763877,0.001967688483844242,FALSE,-0.17812758906379453,0.86,0.9545,0.095536454018227,0.10708367854183927,0.16881731565865785,0.017294946147473074,-0.15152236951118478,FALSE,2,2.0712510356255177e-4,-0.17988815244407622,0.9567,0.9994,0,moderate,genus_or_higher,FALSE,NA,high,0.97
Spinibarbus caldwelli,COI,17,0.17709196354598178,0.006213753106876553,FALSE,-0.17087821043910523,0.6691,0.9061,0.10568558409279205,0.10780861640430821,0.17667771333885668,0.017605633802816902,-0.15907207953603977,FALSE,2,8.285004142502071e-4,-0.17626346313173158,0.9412,0.9071,0,moderate,genus_or_higher,FALSE,NA,high,0.97
Spinibarbus hollandi,COI,13,0.17667771333885668,0.002796188898094449,FALSE,-0.17388152444076224,0.8718,0.868,0.1028893951946976,0.10894780447390223,0.17638256006628003,0.016570008285004142,-0.1598125517812759,FALSE,2,8.285004142502071e-4,-0.17584921292460648,0.8718,0.8736,0,moderate,genus_or_higher,FALSE,NA,high,0.97
Spinibarbus sinensis,COI,25,0.25569594034797016,0.006213753106876553,FALSE,-0.2494821872410936,0.8167,0.9932,0.09936826843413421,0.10532311516155758,0.1858015741507871,0.015430820215410108,-0.17037075393537698,FALSE,2,0.005695940347970174,-0.25,0.8167,0.972,0,moderate,genus_or_higher,FALSE,NA,high,0.97
Squalidus argentatus,COI,229,0.18154515327257664,0.006524440762220381,FALSE,-0.17502071251035625,0.743,0.9795,0.10666942833471417,0.10718724109362054,0.1383595691797846,0.018019884009942005,-0.12033968516984259,FALSE,1,0.001967688483844242,-0.1795774647887324,0.86240000000000006,0.9353,0,moderate,genus_or_higher,FALSE,NA,high,0.97
Squalidus wolterstorffi,COI,11,0.25662800331400165,0.004453189726594863,FALSE,-0.2521748135874068,0.9636,0.998,0.1258285004142502,0.1164043082021541,0.21063587406793702,0.01843413421706711,-0.1922017398508699,FALSE,1,0.001967688483844242,-0.2546603148301574,0.9636,0.9988,0,moderate,genus_or_higher,FALSE,NA,high,0.97
Squaliobarbus curriculus,COI,77,0.17450289975144986,0.004453189726594863,FALSE,-0.170049710024855,0.7925,0.954,0.07995028997514499,0.0962096106048053,0.17087821043910523,0.015016570008285005,-0.15586164043082024,FALSE,0,NA,NA,NA,NA,0,low,genus_or_higher,FALSE,NA,high,0.97
Strongylura anastomella,COI,13,0.25683512841756423,0.01056338028169014,FALSE,-0.2462717481358741,0.9744,0.9966,0.15099420049710024,0.12220381110190555,0.21394469759734858,0.059957539353769684,-0.1539871582435789,FALSE,0,NA,NA,NA,NA,0,low,genus_or_higher,FALSE,NA,high,0.97
Tachysurus adiposalis,COI,21,0.1774026512013256,0.011495443247721624,FALSE,-0.16590720795360397,0.6095,0.8593,0.13116197183098594,0.13297431648715824,0.1774026512013256,0.02899751449875725,-0.14840513670256833,FALSE,11,0.0025890637945318973,-0.1748135874067937,0.7714,0.8952,0,high,genus_or_higher,FALSE,NA,high,0.97
Tachysurus albomarginatus,COI,29,0.17843827671913837,0.009217067108533554,FALSE,-0.1692212096106048,0.2562,0.8781,0.0028479701739850868,0.15451532725766362,0.17126657000828502,0.04422120961060481,-0.12704536039768022,FALSE,11,0.0023819386909693457,-0.17605633802816903,0.6552,0.7985,4,high,genus_or_higher,FALSE,NA,high,0.97
Tachysurus argentivittatus,COI,18,0.1757456503728252,0.01563794531897266,FALSE,-0.16010770505385252,0.5686,0.8729,0.018019884009942005,0.11505799502899751,0.17408864954432476,0.03365782932891467,-0.1404308202154101,FALSE,11,0.012531068765534384,-0.1632145816072908,0.5686,0.8114,0,moderate,genus_or_higher,FALSE,NA,high,0.97
Tachysurus brachyrhabdion,COI,8,0.17812758906379453,0.008181441590720795,FALSE,-0.16994614747307374,0.7143,0.9152,0.10532311516155758,0.1060480530240265,0.17684859154929577,0.017294946147473074,-0.1595536454018227,FALSE,11,0.0025890637945318973,-0.17553852526926264,0.7857,0.9453,0,low,genus_or_higher,FALSE,NA,high,0.97
Tachysurus brevicaudatus,COI,9,0.2104391052195526,0.0016570008285004142,FALSE,-0.2087821043910522,1,0.9918,0.11671499585749792,0.11143330571665286,0.20124792874896438,0.018951946975973487,-0.1822959817729909,FALSE,11,0.0012427506213753107,-0.20919635459817731,1,0.9722,0,low,genus_or_higher,FALSE,NA,high,0.97
Tachysurus crassilabris,COI,13,0.17843827671913837,0.0031068765534382767,FALSE,-0.1753314001657001,0.8462,0.9192,0.10128417564208782,0.1073943661971831,0.1764550538525269,0.016570008285004142,-0.15988504556752275,FALSE,11,0.0011391880695940347,-0.17729908864954433,0.8718,0.9212,0,moderate,genus_or_higher,FALSE,NA,high,0.97
Tachysurus eupogon,COI,24,0.1774026512013256,0.002071251035625518,FALSE,-0.17533140016570006,0.7428,0.9288,0.11288318144159072,0.10553024026512013,0.1769884009942005,0.026304888152444077,-0.1506835128417564,FALSE,11,0.0012427506213753107,-0.1761599005799503,0.7428,0.9608,0,high,genus_or_higher,FALSE,NA,high,0.97
Tachysurus nitidus,COI,59,0.17833471416735708,0.0034175642087821046,FALSE,-0.17491714995857496,0.7919,0.9646,0.10231980115990058,0.1030447390223695,0.17553852526926264,0.016259320629660314,-0.15927920463960232,FALSE,11,0.0011391880695940347,-0.17719552609776304,0.8597,0.9739,0,high,genus_or_higher,FALSE,NA,high,0.97
Tachysurus truncatus,COI,8,0.10428748964374482,0.006731565865782933,FALSE,-0.09755592377796188,0.7143,0.509,0.016103976801988402,0.10335542667771334,0.10414768019884009,0.016052195526097764,-0.08809548467274232,FALSE,11,8.285004142502071e-4,-0.1034589892294946,0.8571,0.61240000000000006,0,low,genus_or_higher,FALSE,NA,high,0.97
Tachysurus ussuriensis,COI,33,0.210956917978459,0.002692626346313173,FALSE,-0.20826429163214583,0.9242,0.9912,0.10464995857497929,0.1073943661971831,0.17733015741507868,0.0171913835956918,-0.16013877381938688,FALSE,11,8.285004142502071e-4,-0.2101284175642088,0.9489,0.9518,0,high,genus_or_higher,FALSE,NA,high,0.97
Tachysurus vachellii,COI,149,0.22410936205468102,0.0032104391052195525,FALSE,-0.22089892294946145,0.8064,0.9905,0.1267605633802817,0.11806130903065451,0.17812758906379453,0.0171913835956918,-0.16093620546810272,FALSE,11,0.0012427506213753107,-0.22286661143330572,0.887,0.9848,0,high,genus_or_higher,FALSE,NA,high,0.97
Taenioides cirratus,COI,115,0.17926677713338857,0.009320629660314831,FALSE,-0.16994614747307374,0.8474,0.9476,0.10977630488815245,0.11143330571665286,0.17733015741507863,0.0326222038111019,-0.14470795360397673,FALSE,0,NA,NA,NA,NA,0,low,genus_or_higher,FALSE,NA,high,0.97
Takifugu alboplumbeus,COI,141,0.17916321458160728,0.0023819386909693457,FALSE,-0.17678127589063794,0.8845,0.9875,0.06343206296603149,0.08927091963545981,0.10687655343827672,0.017605633802816902,-0.08927091963545981,FALSE,8,5.178127589063795e-4,-0.1786454018227009,0.9672,0.9942,0,high,genus_or_higher,FALSE,NA,high,0.97
Takifugu bimaculatus,COI,11,0.17885252692626347,7.249378624689313e-4,FALSE,-0.17812758906379453,0.7091,0.9683,0.010356255178127589,0.0962096106048053,0.10708367854183927,0.01688069594034797,-0.0902029826014913,FALSE,8,7.249378624689313e-4,-0.17812758906379453,0.7091,0.9812,0,moderate,genus_or_higher,FALSE,NA,high,0.97
Takifugu flavidus,COI,18,0.17833471416735708,8.285004142502071e-4,FALSE,-0.17750621375310688,0.8105,0.9631,0.07767191383595692,0.09745236122618062,0.14159072079536042,0.01708782104391052,-0.1245028997514499,FALSE,8,6.213753106876554e-4,-0.17771333885666943,0.8105,0.9765,0,moderate,genus_or_higher,FALSE,NA,high,0.97
Takifugu obscurus,COI,31,0.2116818558409279,0.0014498757249378626,FALSE,-0.21023198011599006,0.9075,0.9964,0.07528997514498757,0.10408036454018227,0.16812344656172326,0.01563794531897266,-0.1524855012427506,FALSE,8,9.32062966031483e-4,-0.21074979287489642,0.9333,0.9984,0,high,genus_or_higher,FALSE,NA,high,0.97
Takifugu ocellatus,COI,20,0.17719552609776304,0.0014498757249378626,FALSE,-0.1757456503728252,0.7684,0.9628,0.007767191383595692,0.09538111019055509,0.10376967688483844,0.01584507042253521,-0.08792460646230324,FALSE,8,0.0011391880695940347,-0.176056338028169,0.7842,0.9769,0,high,genus_or_higher,FALSE,NA,high,0.97
Takifugu porphyreus,COI,48,0.17978458989229495,0.0015534382767191384,FALSE,-0.17823115161557582,0.6746,0.9693,0.08782104391052195,0.10749792874896437,0.1683875310687655,0.017709196354598177,-0.15067833471416733,FALSE,8,9.32062966031483e-4,-0.17885252692626347,0.7039,0.9932,0,high,genus_or_higher,FALSE,NA,high,0.97
Takifugu rubripes,COI,123,0.2607705053852527,0.0014498757249378626,FALSE,-0.2593206296603148,0.8932,0.9998,0.0966238608119304,0.103976801988401,0.15916528583264286,0.017709196354598177,-0.1414560894780447,FALSE,8,6.213753106876554e-4,-0.260149130074565,0.9436,0.9999,0,high,genus_or_higher,FALSE,NA,high,0.97
Takifugu vermicularis,COI,14,0.1692212096106048,0.0016570008285004142,FALSE,-0.16756420878210437,0.9121,0.8749,0.07725766362883181,0.1022162386081193,0.16725352112676056,0.016466445733222868,-0.1507870753935377,FALSE,8,6.213753106876554e-4,-0.16859983429991715,0.9451,0.9156,0,moderate,genus_or_higher,FALSE,NA,high,0.97
Takifugu xanthopterus,COI,50,0.17336371168185585,0.0012427506213753107,FALSE,-0.17212096106048055,0.929,0.9606,0.01512013256006628,0.09330985915492958,0.10606876553438274,0.016259320629660314,-0.08980944490472242,FALSE,8,5.178127589063795e-4,-0.17284589892294946,0.9592,0.9753,0,high,genus_or_higher,FALSE,NA,high,0.97
Terapon jarbua,COI,545,0.2272162386081193,0.006420878210439105,FALSE,-0.2207953603976802,0.753,0.999,0.033140016570008285,0.09475973487986744,0.13473487986743993,0.01563794531897266,-0.11909693454846726,FALSE,0,NA,NA,NA,NA,0,low,genus_or_higher,FALSE,NA,high,0.97
Tinca tinca,COI,149,0.21074979287489642,0.007042253521126761,FALSE,-0.20370753935376967,0.786,0.9968,0.08937448218724109,0.10480530240265121,0.15969345484672742,0.015327257663628831,-0.1443661971830986,FALSE,0,NA,NA,NA,NA,0,low,genus_or_higher,FALSE,NA,high,0.97
Toxabramis swinhonis,COI,17,0.17326014913007456,0.002899751449875725,FALSE,-0.17036039768019884,0.7574,0.8707,0.10123239436619719,0.11008699254349627,0.17300124275062137,0.028790389395194696,-0.14421085335542666,FALSE,0,NA,NA,NA,NA,0,low,genus_or_higher,FALSE,NA,high,0.97
Trachidermus fasciatus,COI,145,0.24202568351284176,0.012220381110190555,FALSE,-0.2298053024026512,0.5926,0.9985,0.14110397680198838,0.13680613090306545,0.1945940347970174,0.028065451532725768,-0.16652858326429162,FALSE,0,NA,NA,NA,NA,0,low,genus_or_higher,FALSE,NA,high,0.97
Trachinotus falcatus,COI,28,0.17874896437448218,0.011184755592377795,FALSE,-0.16756420878210437,0.5794,0.988,0.017709196354598177,0.09217067108533554,0.10832642916321458,0.01636288318144159,-0.09196354598177299,FALSE,0,NA,NA,NA,NA,0,low,genus_or_higher,FALSE,NA,high,0.97
Tremeuchiloglanis anteanalis,COI,7,0.1812344656172328,0.007456503728251864,FALSE,-0.17377796188898095,0.8571,0.9101,0.1043910521955261,0.10842999171499586,0.18113090306545154,0.01688069594034797,-0.16425020712510358,FALSE,0,NA,NA,NA,NA,0,low,genus_or_higher,FALSE,NA,high,0.97
Triaenopogon barbatus,COI,50,0.048570836785418396,0.006420878210439105,FALSE,-0.04214995857497929,0.8073,0.3726,0.015534382767191384,0.08740679370339685,0.02796188898094449,0.016466445733222868,-0.011495443247721622,FALSE,0,NA,NA,NA,NA,0,low,genus_or_higher,FALSE,NA,high,0.97
Trichogaster fasciata,COI,53,0.18227009113504558,0.009424192212096106,FALSE,-0.17284589892294946,0.6509,0.9873,0.013670256835128418,0.09351698425849213,0.11184755592377796,0.01584507042253521,-0.09600248550124274,FALSE,1,0.009734879867439934,-0.17253521126760565,0.648,1,0,moderate,genus_or_higher,FALSE,NA,high,0.97
Trichogaster labiosa,COI,6,0.008181441590720795,0.00983844241922121,TRUE,0.0016570008285004146,0,0,0.006420878210439105,0.08751035625517813,0.008181441590720795,0.01584507042253521,0.007663628831814416,TRUE,1,0.009734879867439934,0.0015534382767191397,0,0,0,low,species,TRUE,NA,moderate,0.97
Trichopodus leerii,COI,15,0.1795774647887324,0.011909693454846727,FALSE,-0.1676677713338857,0.5905,0.9412,0.10035211267605634,0.1073943661971831,0.17922535211267604,0.01512013256006628,-0.16410521955260976,FALSE,1,0.010874067937033969,-0.16870339685169844,0.5905,0.9758,0,moderate,genus_or_higher,FALSE,NA,high,0.97
Trichopodus microlepis,COI,11,0.18030240265120132,0.010356255178127589,FALSE,-0.16994614747307374,0.6,0.9664,0.07767191383595692,0.09983429991714995,0.17159279204639602,0.01563794531897266,-0.15595484672742335,FALSE,1,0.010874067937033969,-0.16942833471416735,0.6,0.9758,0,moderate,genus_or_higher,FALSE,NA,high,0.97
Tridentiger trigonocephalus,COI,30,0.17450289975144986,0.005903065451532726,FALSE,-0.16859983429991715,0.8069,0.9579,0.037903893951946974,0.08885666942833471,0.11814415907207942,0.016984258492129246,-0.10115990057995018,FALSE,0,NA,NA,NA,NA,0,low,genus_or_higher,FALSE,NA,high,0.97
Triplophysa anterodorsalis,COI,9,0.17895608947804473,7.249378624689313e-4,FALSE,-0.1782311516155758,0.9167,0.9336,0.10744614747307374,0.10842999171499586,0.17864540182270092,0.017605633802816902,-0.161039768019884,FALSE,18,0.0031068765534382767,-0.17584921292460645,0.9167,0.9333,0,low,genus_or_higher,FALSE,NA,high,0.97
Triplophysa bleekeri,COI,62,0.17937033968516986,0.0025890637945318973,FALSE,-0.17678127589063797,0.8863,0.9672,0.10480530240265121,0.10729080364540182,0.134009942004971,0.017294946147473074,-0.11671499585749792,FALSE,18,0.00010356255178127589,-0.17926677713338857,0.9889,0.9968,0,high,genus_or_higher,FALSE,NA,high,0.97
Triplophysa brevicauda,COI,143,0.17968102734051367,0.00010356255178127589,FALSE,-0.17957746478873238,0.9924,0.9683,0.10532311516155758,0.1073943661971831,0.10905136702568351,0.01563794531897266,-0.09341342170671085,FALSE,18,0.002071251035625518,-0.17760977630488814,0.8396,0.9958,0,high,genus_or_higher,FALSE,NA,high,0.97
Triplophysa leptosoma,COI,68,0.10977630488815245,0.0035211267605633804,FALSE,-0.10625517812758907,0.8727,0.7416,0.029359983429991715,0.09372410936205468,0.09517398508699254,0.016777133388566696,-0.07839685169842585,FALSE,18,0.0024855012427506215,-0.10729080364540182,0.8793,0.9413,0,high,genus_or_higher,FALSE,NA,high,0.97
Triplophysa lixianensis,COI,5,0.09797017398508699,0.003935376967688484,FALSE,-0.0940347970173985,0.6,0.3747,0.09708989229494615,0.1095691797845899,0.09783036454018226,0.01688069594034797,-0.0809496685998343,FALSE,18,0.00010356255178127589,-0.09786661143330572,0.9,0.2924,0,low,genus_or_higher,FALSE,NA,high,0.97
Triplophysa microps,COI,10,0.12386081193040596,0.0046603148301574155,FALSE,-0.11920049710024855,0.5333,0.863,0.009424192212096106,0.09413835956917979,0.10550952775476388,0.016259320629660314,-0.08925020712510356,FALSE,17,0.004556752278376139,-0.11930405965202982,0.5333,0.9398,0,moderate,genus_or_higher,FALSE,NA,high,0.97
Triplophysa obscura,COI,34,0.06441590720795361,0.006213753106876553,FALSE,-0.058202154101077055,0.1141,0.3523,0.001035625517812759,0.0867854183927092,0.06410521955260978,0.015948632974316486,-0.048156586578293296,FALSE,18,0.004971002485501243,-0.05944490472245236,0.1141,0.392,0,high,genus_or_higher,FALSE,NA,high,0.97
Triplophysa orientalis,COI,79,0.17968102734051367,0.0011391880695940347,FALSE,-0.17854183927091963,0.8929,0.9777,0.09952361226180613,0.10780861640430821,0.16870339685169844,0.017812758906379452,-0.15089063794531898,FALSE,18,0.00010356255178127589,-0.17957746478873238,0.9873,0.9948,0,high,genus_or_higher,FALSE,NA,high,0.97
Triplophysa pappenheimi,COI,18,0.17854183927091963,0.0034175642087821046,FALSE,-0.1751242750621375,0.451,0.9457,6.213753106876554e-4,0.10791217895608948,0.17833471416735708,0.018744821872410937,-0.15958989229494613,FALSE,18,2.0712510356255177e-4,-0.17833471416735708,0.8693,0.9774,0,moderate,genus_or_higher,FALSE,NA,high,0.97
Triplophysa pseudoscleroptera,COI,5,0.17926677713338857,0.004349627174813587,FALSE,-0.174917149958575,0.8,0.935,0.10801574150787076,0.10801574150787076,0.17912696768848385,0.015839892294946152,-0.1632870753935377,FALSE,18,0.00010356255178127589,-0.17916321458160728,1,0.9824,0,low,genus_or_higher,FALSE,NA,high,0.97
Triplophysa pseudostenura,COI,8,0.10832642916321458,0.00403893951946976,FALSE,-0.10428748964374482,0.6786,0.6176,0.01512013256006628,0.09600248550124275,0.10829018227009113,0.015948632974316486,-0.09234154929577465,FALSE,18,0.00010356255178127589,-0.10822286661143331,0.8214,0.552,0,low,genus_or_higher,FALSE,NA,high,0.97
Triplophysa robusta,COI,239,0.18009527754763877,0.006628003314001657,FALSE,-0.17346727423363711,0.6696,0.9826,0.10480530240265121,0.10490886495443248,0.11164043082021541,0.016777133388566696,-0.09486329743164872,FALSE,17,2.0712510356255177e-4,-0.17988815244407622,0.9795,0.9973,0,high,genus_or_higher,FALSE,NA,high,0.97
Triplophysa rosa,COI,7,0.17874896437448218,0.010356255178127589,FALSE,-0.1683927091963546,0.7619,0.8979,0.1000414250207125,0.11091549295774648,0.17874896437448218,0.016466445733222868,-0.1622825186412593,FALSE,18,0.01004556752278376,-0.1687033968516984,0.7619,0.9306,0,low,genus_or_higher,FALSE,NA,high,0.97
Triplophysa scleroptera,COI,19,0.17864540182270092,0.00010356255178127589,FALSE,-0.17854183927091963,0.9591,0.9569,0.09838442419221209,0.10480530240265121,0.17667771333885668,0.016052195526097764,-0.1606255178127589,FALSE,17,2.0712510356255177e-4,-0.17843827671913837,0.9357,0.9658,0,moderate,genus_or_higher,FALSE,NA,high,0.97
Triplophysa stenura,COI,345,0.1799917149958575,0.00010356255178127589,FALSE,-0.17988815244407622,0.9963,0.9665,0.004349627174813587,0.10770505385252693,0.10925849212924607,0.018744821872410937,-0.09051367025683513,FALSE,18,0.00010356255178127589,-0.17988815244407622,0.9963,0.9996,0,high,genus_or_higher,FALSE,NA,high,0.97
Triplophysa stewarti,COI,103,0.17916321458160728,0.003003314001657001,FALSE,-0.1761599005799503,0.7025,0.9636,0.015223695111847556,0.10760149130074564,0.10842999171499586,0.016570008285004142,-0.09185998342999172,FALSE,18,0.001035625517812759,-0.17812758906379453,0.815,0.9901,0,high,genus_or_higher,FALSE,NA,high,0.97
Triplophysa stolickai,COI,94,0.10791217895608948,0.0023819386909693457,FALSE,-0.10553024026512013,0.8083,0.685,0.00807787903893952,0.09009942004971003,0.01584507042253521,0.015016570008285005,-8.285004142502064e-4,FALSE,18,0.0012427506213753107,-0.10666942833471417,0.8106,0.6054,0,high,genus_or_higher,FALSE,NA,high,0.97
Triplophysa venusta,COI,10,0.2599420049710025,0.004971002485501243,FALSE,-0.25497100248550125,0.9778,0.9974,0.17201739850869927,0.12779618889809444,0.2524440762220381,0.0736277961888981,-0.17881628003314004,FALSE,18,0.014188069594034796,-0.2457539353769677,0.9778,0.999,0,moderate,genus_or_higher,FALSE,NA,high,0.97
Triplophysa xiangxiensis,COI,9,0.17346727423363711,0.025372825186412592,FALSE,-0.14809444904722452,0.3889,0.8741,2.0712510356255177e-4,0.12986743993371996,0.17346727423363711,0.09848798674399337,-0.07497928748964375,FALSE,18,0.010666942833471417,-0.1628003314001657,0.3889,0.8784,0,low,genus_or_higher,FALSE,NA,high,0.97
Trypauchen vagina,COI,102,0.13390637945318973,0.00756006628003314,FALSE,-0.1263463131731566,0.6387,0.9462,0.009631317315658658,0.08968516984258493,0.040337613918806955,0.015741507870753936,-0.02459610604805302,FALSE,0,NA,NA,NA,NA,0,low,genus_or_higher,FALSE,NA,high,0.97
Vanmanenia pingchowensis,COI,12,0.17760977630488814,0.00579950289975145,FALSE,-0.1718102734051367,0.7879,0.9295,0.1073943661971831,0.10760149130074564,0.17732497928748964,0.015948632974316486,-0.16137634631317316,FALSE,1,0.011184755592377795,-0.16642502071251034,0.7576,0.9028,0,moderate,genus_or_higher,FALSE,NA,high,0.97
Vanmanenia stenosoma,COI,6,0.17895608947804473,0.018019884009942005,FALSE,-0.16093620546810272,0.7333,0.9081,0.17502071251035625,0.11365990057995029,0.17873860811930406,0.026822700911350455,-0.15191590720795362,FALSE,1,0.011184755592377795,-0.16777133388566692,0.8667,1,0,low,genus_or_higher,FALSE,NA,high,0.97
Xenocypris davidi,COI,51,0.17771333885666943,2.0712510356255177e-4,FALSE,-0.17750621375310688,0.9561,0.9571,0.10729080364540182,0.10801574150787076,0.1551367025683513,0.018019884009942005,-0.1371168185584093,FALSE,3,2.0712510356255177e-4,-0.17750621375310688,0.9561,0.9754,0,high,genus_or_higher,FALSE,NA,high,0.97
Xenocypris fangi,COI,5,0.003728251864125932,0.003624689312344656,FALSE,-1.035625517812758e-4,0.1,1e-4,2.589063794531897e-4,0.08854598177299089,0.0036816487158243573,0.01232394366197183,0.008642294946147473,TRUE,3,0.0034175642087821046,-3.106876553438274e-4,0.4,0.036,0,low,genus_or_higher,FALSE,NA,high,0.97
Xenocypris hupeinensis,COI,7,0.17305302402651201,0.004763877381938691,FALSE,-0.1682891466445733,0.8571,0.922,0.061826843413421706,0.10387323943661972,0.12903893951946976,0.014291632145816073,-0.11474730737365368,FALSE,3,0.0022783761391880694,-0.17077464788732394,0.9524,0.9442,0,low,genus_or_higher,FALSE,NA,high,0.97
Xenocypris macrolepis,COI,31,0.17833471416735708,0.0011391880695940347,FALSE,-0.17719552609776304,0.8925,0.9614,0.09952361226180613,0.10511599005799503,0.17419221209610605,0.014395194697597348,-0.1597970173985087,FALSE,3,2.0712510356255177e-4,-0.17812758906379453,0.9828,1,0,high,genus_or_higher,FALSE,NA,high,0.97
Xenophysogobio boulengeri,COI,141,0.17885252692626347,0.013048881524440762,FALSE,-0.1658036454018227,0.4834,0.9729,9.32062966031483e-4,0.09444904722452362,0.16217895608947805,0.03324357912178956,-0.12893537696768848,FALSE,1,0.013048881524440762,-0.1658036454018227,0.4834,1,0,moderate,genus_or_higher,FALSE,NA,high,0.97
Xenophysogobio nudicorpa,COI,68,0.1748135874067937,0.008802816901408451,FALSE,-0.16601077050538526,0.5909,0.9428,0.13463131731565867,0.09734879867439934,0.1742957746478873,0.03469345484672742,-0.1396023198011599,FALSE,1,0.013048881524440762,-0.16176470588235295,0.5909,0.9439,0,moderate,genus_or_higher,FALSE,NA,high,0.97
Xiphophorus hellerii,COI,115,0.192937033968517,0.0034175642087821046,FALSE,-0.18951946975973488,0.8748,0.9954,0.08554266777133389,0.09776304888152444,0.1318351284175642,0.0171913835956918,-0.1146437448218724,FALSE,1,0.0015534382767191384,-0.19138359569179786,0.9179,0.9992,0,moderate,genus_or_higher,FALSE,NA,high,0.97
Xiphophorus variatus,COI,21,0.17937033968516986,0.003728251864125932,FALSE,-0.17564208782104393,0.8286,0.9769,0.015534382767191384,0.09424192212096107,0.11776097763048876,0.016466445733222868,-0.1012945318972659,FALSE,1,0.0015534382767191384,-0.17781690140845072,0.9286,0.9818,0,moderate,genus_or_higher,FALSE,NA,high,0.97
Yunnanilus pleurotaenia,COI,15,0.17833471416735708,0.010977630488815244,FALSE,-0.16735708367854182,0.6857,0.9298,0.10325186412593207,0.10470173985086993,0.17676056338028168,0.015534382767191384,-0.1612261806130903,FALSE,0,NA,NA,NA,NA,0,low,genus_or_higher,FALSE,NA,high,0.97
Zacco platypus,COI,476,0.22307373653686827,2.0712510356255177e-4,FALSE,-0.22286661143330572,0.9933,0.9995,0.05250621375310688,0.10842999171499586,0.16632145816072907,0.0438069594034797,-0.12251449875724937,FALSE,0,NA,NA,NA,NA,0,low,genus_or_higher,FALSE,NA,high,0.97
Cyprinus chilia,COI,57,0.13597763048881525,0.0011391880695940347,FALSE,-0.13483844241922122,0.9518,0.7221,0.12940140845070422,0.09569179784589893,0.13432062966031483,0.032207953603976804,-0.10211267605633803,FALSE,2,0.001035625517812759,-0.1349420049710025,0.9586,0.8423,0,moderate,genus_or_higher,FALSE,NA,high,0.97
Leptobotia guilinensis,COI,14,0.007352941176470588,0.011495443247721624,TRUE,0.004142502071251036,0,0,0.002796188898094449,0.10511599005799503,0.007197597348798674,0.02464788732394366,0.017450289975144986,TRUE,10,0.0011391880695940347,-0.006213753106876553,0.6703,0.0111,0,moderate,species,FALSE,NA,moderate,0.97
Leptobotia tchangi,COI,11,0.009320629660314831,0.006110190555095278,FALSE,-0.0032104391052195534,0.4364,6e-4,0.0046603148301574155,0.1030447390223695,0.009217067108533554,0.024544324772162385,0.015327257663628831,TRUE,10,0.004349627174813587,-0.004971002485501244,0.5818,0.1626,1,moderate,genus_or_higher,FALSE,NA,high,0.97
Opsariichthys macrolepis,COI,29,0.003003314001657001,0.006835128417564209,TRUE,0.003831814415907208,0,0,7.249378624689313e-4,0.1486122618061309,0.0025890637945318973,0.12272162386081192,0.12013256006628002,TRUE,2,0.009942004971002486,0.006938690969345485,0,0,12,moderate,species,FALSE,NA,moderate,0.97
Saurogobio gymnocheilus,COI,13,0.015327257663628831,0.01615575807787904,TRUE,8.285004142502082e-4,0,0,9.32062966031483e-4,0.10366611433305717,0.01513566694283347,0.025269262634631317,0.010133595691797847,TRUE,4,0.013152444076222038,-0.0021748135874067927,0.2821,0.0214,0,moderate,species,FALSE,NA,moderate,0.97
Saurogobio xiangjiangensis,COI,7,0.0051781275890637945,0.009113504556752278,TRUE,0.003935376967688483,0,0,0.004246064623032311,0.10594449047224523,0.0051781275890637945,0.024337199668599836,0.01915907207953604,TRUE,4,0.008285004142502071,0.0031068765534382767,0,0,0,low,species,TRUE,NA,moderate,0.97
Schizothorax griseus,COI,15,0.008802816901408451,0.001967688483844242,FALSE,-0.006835128417564209,0.4667,0.0014,0.001967688483844242,0.10780861640430821,0.008181441590720795,0.024233637116818557,0.01605219552609776,TRUE,9,2.0712510356255177e-4,-0.0085956917978459,0.9238,0.3223,0,moderate,genus_or_higher,FALSE,NA,high,0.97
Tachysurus taeniatus,COI,14,0.007042253521126761,0.013152444076222038,TRUE,0.006110190555095278,0,0,0.004142502071251036,0.10325186412593207,0.006731565865782933,0.03003314001657001,0.023301574150787076,TRUE,11,0.00983844241922121,0.0027961888980944484,0,0,1,moderate,species,FALSE,NA,moderate,0.97
Abbottina rivularis,12S,13,0.4612775579423403,0.008479366873940079,FALSE,-0.45279819106840025,0.8462,0.793,0.053420011305822496,0.28208027133973995,0.45910118711136233,0.0395703787450537,-0.4195308083663086,FALSE,0,NA,NA,NA,NA,0,low,genus_or_higher,FALSE,NA,high,0.97
Acanthogobius hasta,12S,8,0.4550593555681176,0.016958733747880157,FALSE,-0.43810062182023746,0.6429,0.8229,0.0395703787450537,0.23007348784624082,0.4539287733182589,0.11192764273600904,-0.3420011305822499,FALSE,1,0.023742227247032222,-0.4313171283210854,0.6429,0.9062,0,low,genus_or_higher,FALSE,NA,high,0.97
Acanthogobius lactipes,12S,8,0.4499717354437535,0.023742227247032222,FALSE,-0.4262295081967213,0.9286,0.8964,0.23629169022046353,0.31543244771057094,0.4154889768230639,0.12210288298473713,-0.29338609383832676,FALSE,1,0.023742227247032222,-0.4262295081967213,0.9286,0.9062,0,low,genus_or_higher,FALSE,NA,high,0.97
Acheilognathus macropterus,12S,5,0.4522328999434709,0.008479366873940079,FALSE,-0.4437535330695308,0.8,0.7436,0.23883550028264555,0.2843414358394573,0.4517241379310345,0.035613340870548335,-0.41611079706048615,FALSE,1,0.008479366873940079,-0.4437535330695308,0.8,0.7667,0,low,genus_or_higher,FALSE,NA,high,0.97
Acheilognathus tabira,12S,12,0.4511023176936122,0.008479366873940079,FALSE,-0.4426229508196721,0.8333,0.7663,0.20972300734878463,0.3046919163369135,0.45039570378745053,0.035048049745618995,-0.41534765404183155,FALSE,1,0.008479366873940079,-0.4426229508196721,0.8333,0.7667,0,moderate,genus_or_higher,FALSE,NA,high,0.97
Acrossocheilus fasciatus,12S,12,0.009044657998869417,0.029395138496325607,TRUE,0.02035048049745619,0,0,0.0016958733747880158,0.18711136235161108,0.007207461842849067,0.05596382136800452,0.04875635952515545,TRUE,1,0.029395138496325607,0.02035048049745619,0,0,0,moderate,species,FALSE,NA,low,0.97
Acrossocheilus paradoxus,12S,23,0.34030525720746185,0.023176936122102882,FALSE,-0.317128321085359,0.17,0.3278,0.006783493499152063,0.3640474844544941,0.3348784624081402,0.10457885811192764,-0.23029960429621255,FALSE,1,0.029395138496325607,-0.3109101187111363,0.17,0.7572,2,moderate,genus_or_higher,FALSE,NA,high,0.97
Amblychaeturichthys hexanema,12S,7,0.4115319389485585,0.015262860373092142,FALSE,-0.39626907857546634,0.6667,0.5796,0.10231769361221028,0.3397399660825325,0.4109666478236292,0.04013566986998304,-0.37083097795364617,FALSE,0,NA,NA,NA,NA,0,low,genus_or_higher,FALSE,NA,high,0.97
Ameiurus melas,12S,8,0.3843979649519503,0.0011305822498586771,FALSE,-0.3832673827020916,0.8571,0.7607,0.17071791972866024,0.33295647258338046,0.3838326738270209,0.10570944036178632,-0.2781232334652346,FALSE,1,0.0011305822498586771,-0.3832673827020916,0.8571,0.8333,0,low,genus_or_higher,FALSE,NA,high,0.97
Ameiurus nebulosus,12S,18,0.565856416054268,0.0011305822498586771,FALSE,-0.5647258338044093,0.9739,0.9781,0.22950819672131148,0.2916902204635387,0.4782362916902205,0.10684002261164499,-0.37139626907857554,FALSE,1,0.0011305822498586771,-0.5647258338044093,0.9739,1,0,moderate,genus_or_higher,FALSE,NA,high,0.97
Amphilophus citrinellus,12S,5,0.44036178631995476,0.014697569248162803,FALSE,-0.425664217071792,0.9,0.7755,0.2755794234030525,0.3629169022046354,0.43781797625777275,0.04861503674392312,-0.38920293951384966,FALSE,0,NA,NA,NA,NA,0,low,genus_or_higher,FALSE,NA,high,0.97
Anguilla japonica,12S,9,0.4426229508196721,0.0011305822498586771,FALSE,-0.44149236856981344,0.8056,0.8123,0.05652911249293386,0.2736009044657999,0.4420576596947428,0.13058224985867722,-0.3114754098360656,FALSE,1,0.0011305822498586771,-0.44149236856981344,0.8056,0.8081,0,low,genus_or_higher,FALSE,NA,high,0.97
Anguilla marmorata,12S,11,0.4437535330695308,0.0011305822498586771,FALSE,-0.4426229508196721,0.8909,0.7411,0.31260599208592427,0.318824194460147,0.4431882419446015,0.055398530243075186,-0.3877897117015263,FALSE,1,0.0011305822498586771,-0.4426229508196721,0.8909,0.899,0,moderate,genus_or_higher,FALSE,NA,high,0.97
Barbonymus gonionotus,12S,7,0.45166760881854157,0.005652911249293386,FALSE,-0.44601469756924816,0.8571,0.7154,0.2866026003391747,0.3244771057094404,0.4494064443188242,0.03165630299604296,-0.41775014132278127,FALSE,0,NA,NA,NA,NA,0,low,genus_or_higher,FALSE,NA,high,0.97
Boleophthalmus pectinirostris,12S,5,0.44601469756924816,0.008479366873940079,FALSE,-0.4375353306953081,0.9,0.8136,0.31345392877331824,0.318824194460147,0.44576031656302995,0.09197286602600342,-0.35378745053702654,FALSE,0,NA,NA,NA,NA,0,low,genus_or_higher,FALSE,NA,high,0.97
Bostrychus sinensis,12S,11,0.45901639344262296,0.010740531373657434,FALSE,-0.4482758620689655,0.6909,0.7787,0.029395138496325607,0.248728094968909,0.45240248728094967,0.09553420011305823,-0.35686828716789143,FALSE,0,NA,NA,NA,NA,0,low,genus_or_higher,FALSE,NA,high,0.97
Butis koilomatodon,12S,6,0.4522328999434709,0.010740531373657434,FALSE,-0.44149236856981344,0.8,0.7319,0.35895986433013,0.33465234595816845,0.45183719615602036,0.03278688524590164,-0.41905031091011874,FALSE,0,NA,NA,NA,NA,0,low,genus_or_higher,FALSE,NA,high,0.97
Carassius auratus,12S,46,0.5488976823063878,0.0016958733747880158,FALSE,-0.5472018089315998,0.9459,0.9965,0.2911249293386094,0.3165630299604296,0.47201808931599776,0.046919163369135104,-0.42509892594686266,FALSE,0,NA,NA,NA,NA,0,low,genus_or_higher,FALSE,NA,high,0.97
Channa argus,12S,13,0.4420576596947428,0.01243640474844545,FALSE,-0.4296212549462974,0.7564,0.8954,0.11871113623516111,0.22668174109666478,0.3926794799321649,0.1215375918598078,-0.2711418880723571,FALSE,0,NA,NA,NA,NA,0,low,genus_or_higher,FALSE,NA,high,0.97
Clarias gariepinus,12S,10,0.3634821933295647,0.05200678349349915,FALSE,-0.3114754098360656,0.6889,0.7299,0.3046919163369135,0.33295647258338046,0.3629169022046354,0.10231769361221028,-0.26059920859242514,FALSE,0,NA,NA,NA,NA,0,low,genus_or_higher,FALSE,NA,high,0.97
Cobitis taenia,12S,8,0.45166760881854157,0.005087620124364048,FALSE,-0.44657998869417753,0.8571,0.7834,0.32108535895986434,0.3363482193329565,0.4514697569248163,0.034482758620689655,-0.4169869983041266,FALSE,0,NA,NA,NA,NA,0,low,genus_or_higher,FALSE,NA,high,0.97
Coilia mystus,12S,5,0.013001695873374788,0.08988128886376484,TRUE,0.07687959299039006,0,0,0.011871113623516111,0.18089315997738836,0.012747314867156585,0.12040700960994913,0.10765969474279255,TRUE,0,NA,NA,NA,NA,2,low,species,TRUE,NA,low,0.97
Colossoma macropomum,12S,6,0.3114754098360656,0.005087620124364048,FALSE,-0.30638778971170155,0.9333,0.5018,0.1814584511023177,0.3103448275862069,0.30633126059920857,0.12040700960994913,-0.18592425098925944,FALSE,0,NA,NA,NA,NA,0,low,genus_or_higher,FALSE,NA,high,0.97
Coptodon zillii,12S,12,0.4838892029395139,0.00395703787450537,FALSE,-0.4799321650650085,0.8485,0.9551,0.29706048615036745,0.34652345958168457,0.4447427925381572,0.05144149236856981,-0.39330130016958736,FALSE,0,NA,NA,NA,NA,0,low,genus_or_higher,FALSE,NA,high,0.97
Ctenopharyngodon idella,12S,14,0.5262860373092142,0.0045223289994347085,FALSE,-0.5217637083097795,0.9341,0.9773,0.3244771057094404,0.3425664217071792,0.5245901639344263,0.05031091011871114,-0.4742792538157151,FALSE,0,NA,NA,NA,NA,0,low,genus_or_higher,FALSE,NA,high,0.97
Culter alburnus,12S,8,0.010175240248728096,0.010740531373657434,TRUE,5.652911249293385e-4,0,0,0.005652911249293386,0.1888072357263991,0.009977388355002826,0.03841153193894858,0.02843414358394575,TRUE,0,NA,NA,NA,NA,0,low,species,TRUE,NA,moderate,0.97
Cynoglossus joyneri,12S,12,0.4426229508196721,0.018089315997738834,FALSE,-0.4245336348219333,0.6818,0.7101,0.4030525720746184,0.320520067834935,0.44248162803843977,0.03674392312040701,-0.40573770491803274,FALSE,1,0.018089315997738834,-0.4245336348219333,0.6818,0.85,2,moderate,genus_or_higher,FALSE,NA,high,0.97
Cynoglossus robustus,12S,5,0.4420576596947428,0.018089315997738834,FALSE,-0.423968343697004,0.7,0.8491,0.035048049745618995,0.2430751837196156,0.42654041831543243,0.13510457885811192,-0.29143583945732054,FALSE,1,0.018089315997738834,-0.423968343697004,0.7,0.85,2,low,genus_or_higher,FALSE,NA,high,0.97
Cyprinus carpio,12S,42,0.5279819106840022,0.0016958733747880158,FALSE,-0.5262860373092142,0.9547,0.9971,0.2956472583380441,0.31486715658564163,0.4505370265686829,0.04918032786885246,-0.4013566986998304,FALSE,0,NA,NA,NA,NA,0,low,genus_or_higher,FALSE,NA,high,0.97
Eleotris oxycephala,12S,8,0.4550593555681176,0.013566986998304126,FALSE,-0.4414923685698135,0.8571,0.8521,0.05144149236856982,0.25551158846806105,0.44807801017524024,0.10966647823629169,-0.3384115319389486,FALSE,0,NA,NA,NA,NA,0,low,genus_or_higher,FALSE,NA,high,0.97
Eleutheronema tetradactylum,12S,7,0.47371396269078575,0.023742227247032222,FALSE,-0.4499717354437535,0.9524,0.8876,0.35217637083097797,0.34878462408140193,0.46693046919163367,0.10231769361221028,-0.3646127755794234,FALSE,0,NA,NA,NA,NA,0,low,genus_or_higher,FALSE,NA,high,0.97
Gambusia affinis,12S,8,0.4448841153193895,0.018654607122668174,FALSE,-0.4262295081967213,1,0.8336,0.2786885245901639,0.3193894855850763,0.4348784624081402,0.07518371961560204,-0.35969474279253816,FALSE,0,NA,NA,NA,NA,0,low,genus_or_higher,FALSE,NA,high,0.97
Glossogobius giuris,12S,7,0.5183719615602035,0.017524024872809497,FALSE,-0.500847936687394,1,0.9948,0.3182589033352176,0.35330695308083665,0.45279819106840025,0.058224985867721873,-0.3945732052006784,FALSE,0,NA,NA,NA,NA,0,low,genus_or_higher,FALSE,NA,high,0.97
Hemibarbus labeo,12S,14,0.47201808931599776,0.002826455624646693,FALSE,-0.4691916336913511,0.8352,0.8799,0.2781232334652346,0.31486715658564163,0.47117015262860373,0.03843979649519502,-0.4327303561334087,FALSE,1,0.002826455624646693,-0.4691916336913511,0.8352,0.9762,0,moderate,genus_or_higher,FALSE,NA,high,0.97
Hemibarbus longirostris,12S,6,0.4714527981910684,0.002826455624646693,FALSE,-0.4686263425664217,0.9333,0.8944,0.287167891464104,0.3176936122102883,0.4587902769926512,0.05257207461842849,-0.4062182023742227,FALSE,1,0.002826455624646693,-0.4686263425664217,0.9333,0.9762,0,low,genus_or_higher,FALSE,NA,high,0.97
Hemiculter leucisculus,12S,9,0.4437535330695308,0.011871113623516111,FALSE,-0.4318824194460147,0.6667,0.8085,0.04663651780667044,0.2736009044657999,0.4427642736009044,0.04296212549462974,-0.3998021481062747,FALSE,0,NA,NA,NA,NA,0,low,genus_or_higher,FALSE,NA,high,0.97
Huso gueldenstaedtii,12S,6,0.4844544940644432,5.652911249293386e-4,FALSE,-0.4838892029395139,1,0.9124,0.36687394007914076,0.3312605992085924,0.4844544940644432,0.091888072357264,-0.3925664217071792,FALSE,1,0.0016958733747880158,-0.4827586206896552,1,0.9667,0,low,genus_or_higher,FALSE,NA,high,0.97
Huso ruthenus,12S,5,0.4499717354437535,0.0016958733747880158,FALSE,-0.4482758620689655,1,0.8053,0.36659129451667605,0.3431317128321085,0.44971735443753535,0.06840022611644997,-0.3813171283210854,FALSE,1,0.0016958733747880158,-0.4482758620689655,1,0.8,0,low,genus_or_higher,FALSE,NA,high,0.97
Hypophthalmichthys molitrix,12S,31,0.47540983606557374,5.652911249293386e-4,FALSE,-0.47484454494064443,0.9613,0.9375,0.3312605992085924,0.3448275862068966,0.41379310344827586,0.054833239118145846,-0.35895986433013,FALSE,1,5.652911249293386e-4,-0.47484454494064443,0.9613,1,0,moderate,genus_or_higher,FALSE,NA,high,0.97
Hypophthalmichthys nobilis,12S,19,0.3713962690785755,5.652911249293386e-4,FALSE,-0.37083097795364617,0.9357,0.6852,0.0322215941209723,0.26172979084228376,0.33295647258338046,0.04296212549462974,-0.2899943470887507,FALSE,1,5.652911249293386e-4,-0.37083097795364617,0.9357,0.927,0,moderate,genus_or_higher,FALSE,NA,high,0.97
Hyporhamphus intermedius,12S,5,0.44544940644431885,0.017524024872809497,FALSE,-0.42792538157150933,0.7,0.8597,0.04098360655737705,0.23911814584511024,0.4284058790276992,0.09988694177501417,-0.32851893725268505,FALSE,0,NA,NA,NA,NA,0,low,genus_or_higher,FALSE,NA,high,0.97
Ictalurus punctatus,12S,17,0.4505370265686829,0.006218202374222725,FALSE,-0.44431882419446017,0.8603,0.8664,0.2798191068400226,0.31260599208592427,0.4499717354437535,0.08892029395138494,-0.36105144149236856,FALSE,0,NA,NA,NA,NA,0,low,genus_or_higher,FALSE,NA,high,0.97
Ilisha elongata,12S,5,0.45618993781797623,0.02035048049745619,FALSE,-0.43583945732052004,0.8,0.8126,0.1958733747880158,0.2724703222159412,0.455935556811758,0.11871113623516111,-0.3372244205765969,FALSE,0,NA,NA,NA,NA,0,low,genus_or_higher,FALSE,NA,high,0.97
Konosirus punctatus,12S,7,0.4499717354437535,0.02035048049745619,FALSE,-0.4296212549462973,0.6667,0.7595,0.0395703787450537,0.2798191068400226,0.4499717354437535,0.059920859242509894,-0.3900508762012436,FALSE,0,NA,NA,NA,NA,1,low,genus_or_higher,FALSE,NA,high,0.97
Labeo calbasu,12S,5,0.35217637083097797,0.01243640474844545,FALSE,-0.33973996608253254,0.4,0.6192,0.006500847936687394,0.2752967778405879,0.35192198982475975,0.04522328999434709,-0.30669869983041265,FALSE,2,0.01243640474844545,-0.33973996608253254,0.4,0.7286,0,low,genus_or_higher,FALSE,NA,high,0.97
Labeo catla,12S,5,0.4494064443188242,0.006783493499152063,FALSE,-0.4426229508196721,0.9,0.8168,0.3241944601469757,0.3306953080836631,0.4488976823063878,0.04618428490672699,-0.40271339739966083,FALSE,2,0.013001695873374788,-0.4364047484454494,0.9,0.8429,0,low,genus_or_higher,FALSE,NA,high,0.97
Labeo rohita,12S,9,0.44431882419446017,0.006218202374222725,FALSE,-0.43810062182023746,0.6944,0.7962,0.01554550593555681,0.27303561334087056,0.4412097230073488,0.04465799886941775,-0.39655172413793105,FALSE,2,0.01243640474844545,-0.43188241944601474,0.6667,0.9111,0,low,genus_or_higher,FALSE,NA,high,0.97
Lateolabrax japonicus,12S,9,0.4426229508196721,0.01243640474844545,FALSE,-0.4301865460712267,0.8056,0.8037,0.2671000565291125,0.2984737139626908,0.4410684002261165,0.07066139061616733,-0.37040700960994916,FALSE,0,NA,NA,NA,NA,0,low,genus_or_higher,FALSE,NA,high,0.97
Lepisosteus oculatus,12S,7,0.45336348219332956,0.033917467495760314,FALSE,-0.41944601469756926,0.6667,0.85,0.04918032786885246,0.28038439796495196,0.42114188807235725,0.12549462973431316,-0.29564725833804406,FALSE,0,NA,NA,NA,NA,1,low,genus_or_higher,FALSE,NA,high,0.97
Lepomis cyanellus,12S,8,0.5511588468061052,0.007348784624081402,FALSE,-0.5438100621820238,0.9643,0.9748,0.30271339739966086,0.31543244771057094,0.49886941775014126,0.07970604861503675,-0.41916336913510455,FALSE,2,0.007348784624081402,-0.5438100621820238,0.9643,0.9848,0,low,genus_or_higher,FALSE,NA,high,0.97
Lepomis gibbosus,12S,19,0.4878462408140192,0.009609949123798756,FALSE,-0.47823629169022047,0.8655,0.9904,0.31373657433578295,0.318824194460147,0.44234030525720747,0.07744488411531938,-0.3648954211418881,FALSE,2,0.009609949123798756,-0.47823629169022047,0.8655,0.986,0,moderate,genus_or_higher,FALSE,NA,high,0.97
Lepomis macrochirus,12S,22,0.6738270209157716,0.007348784624081402,FALSE,-0.6664782362916902,0.9394,0.9996,0.3120407009609949,0.32843414358394574,0.4516676088185415,0.05765969474279254,-0.394007914075749,FALSE,2,0.007348784624081402,-0.6664782362916902,0.9394,1,0,moderate,genus_or_higher,FALSE,NA,high,0.97
Leptobotia elongata,12S,5,0.45279819106840025,0.014697569248162803,FALSE,-0.43810062182023746,0.4,0.7612,0.005652911249293386,0.2509892594686263,0.4522894290559638,0.06613906161673262,-0.3861503674392312,FALSE,0,NA,NA,NA,NA,0,low,genus_or_higher,FALSE,NA,high,0.97
Luciogobius guttatus,12S,19,0.4465799886941775,0.011871113623516111,FALSE,-0.43470887507066136,0.848,0.8221,0.22611644997173544,0.2990390050876201,0.4457320520067835,0.07801017524024872,-0.3677218767665348,FALSE,0,NA,NA,NA,NA,0,low,genus_or_higher,FALSE,NA,high,0.97
Mastacembelus armatus,12S,5,0.20859242509892595,0.06896551724137931,FALSE,-0.13962690785754664,0.4,0.4432,0.04041831543244771,0.24985867721876767,0.20859242509892595,0.11023176936122103,-0.09836065573770492,FALSE,0,NA,NA,NA,NA,1,low,genus_or_higher,FALSE,NA,high,0.97
Megalobrama amblycephala,12S,6,0.03900508762012436,0.009609949123798756,FALSE,-0.029395138496325607,0.5333,0.0438,0.03617863199547767,0.19106840022611646,0.03860938383267382,0.0423968343697004,0.0037874505370265737,TRUE,0,NA,NA,NA,NA,0,low,genus_or_higher,FALSE,NA,high,0.97
Micropterus salmoides,12S,19,0.49406444318824194,0.011305822498586773,FALSE,-0.4827586206896552,0.9357,0.994,0.28603730921424536,0.30073487846240815,0.4412097230073488,0.0791407574901074,-0.3620689655172414,FALSE,0,NA,NA,NA,NA,0,low,genus_or_higher,FALSE,NA,high,0.97
Misgurnus anguillicaudatus,12S,72,0.4816280384397965,5.652911249293386e-4,FALSE,-0.4810627473148672,0.993,0.9747,0.2182023742227247,0.2792538157150933,0.4567552289429056,0.07631430186546072,-0.38044092707744487,FALSE,1,5.652911249293386e-4,-0.4810627473148672,0.993,1,0,moderate,genus_or_higher,FALSE,NA,high,0.97
Misgurnus dabryanus,12S,19,0.46014697569248164,5.652911249293386e-4,FALSE,-0.45958168456755233,0.9591,0.7972,0.035048049745618995,0.252119841718485,0.4595816845675523,0.04352741661955907,-0.4160542679479932,FALSE,1,5.652911249293386e-4,-0.45958168456755233,0.9591,0.9189,0,moderate,genus_or_higher,FALSE,NA,high,0.97
Monopterus albus,12S,13,0.4595816845675523,0.0248728094968909,FALSE,-0.43470887507066136,0.6282,0.8217,0.07518371961560204,0.27416619559072924,0.44431882419446017,0.1243640474844545,-0.31995477671000566,FALSE,0,NA,NA,NA,NA,0,low,genus_or_higher,FALSE,NA,high,0.97
Mugil cephalus,12S,33,0.4878462408140192,0.016958733747880157,FALSE,-0.4708875070661391,0.911,0.9882,0.31175805539853024,0.3527416619559073,0.4522328999434709,0.05635952515545521,-0.39587337478801565,FALSE,0,NA,NA,NA,NA,0,low,genus_or_higher,FALSE,NA,high,0.97
Mugilogobius abei,12S,9,0.44601469756924816,0.013566986998304126,FALSE,-0.43244771057094405,0.8611,0.8175,0.16421707179197287,0.26568682871678917,0.44502543810062184,0.08705483323911814,-0.35797060486150367,FALSE,0,NA,NA,NA,NA,0,low,genus_or_higher,FALSE,NA,high,0.97
Muraenesox cinereus,12S,7,0.45449406444318824,0.020915771622385528,FALSE,-0.43357829282080274,0.7143,0.7222,0.41492368569813454,0.3176936122102883,0.4539287733182589,0.03730921424533635,-0.4166195590729226,FALSE,0,NA,NA,NA,NA,1,low,genus_or_higher,FALSE,NA,high,0.97
Myersina filifer,12S,6,0.44092707744488413,0.01639344262295082,FALSE,-0.4245336348219333,0.8667,0.7985,0.3849632560768796,0.2826455624646693,0.44013566986998304,0.03674392312040701,-0.403391746749576,FALSE,0,NA,NA,NA,NA,1,low,genus_or_higher,FALSE,NA,high,0.97
Mylopharyngodon piceus,12S,12,0.45901639344262296,0.008479366873940079,FALSE,-0.4505370265686829,0.1667,0.8053,0.0022611644997173543,0.2018089315997739,0.4573205200678349,0.0322215941209723,-0.4250989259468626,FALSE,0,NA,NA,NA,NA,0,low,genus_or_higher,FALSE,NA,high,0.97
Neosalanx anderssoni,12S,5,0.44544940644431885,0.0011305822498586771,FALSE,-0.44431882419446017,0.8,0.8673,0.2798191068400226,0.3646127755794234,0.4075466365178066,0.07518371961560204,-0.33236291690220454,FALSE,0,NA,NA,NA,NA,0,low,genus_or_higher,FALSE,NA,high,0.97
Nipponocypris temminckii,12S,8,0.4499717354437535,0.002826455624646693,FALSE,-0.44714527981910684,0.8929,0.7593,0.01215375918598078,0.2634256642170718,0.4482193329564726,0.031091011871113624,-0.41712832108535897,FALSE,0,NA,NA,NA,NA,0,low,genus_or_higher,FALSE,NA,high,0.97
Odontobutis obscurus,12S,12,0.4635387224420577,0.00791407574901074,FALSE,-0.4556246466930469,0.8788,0.7525,0.31995477671000566,0.323911814584511,0.4560486150367439,0.03479366873940083,-0.42125494629734306,FALSE,1,0.00791407574901074,-0.4556246466930469,0.8788,0.9881,0,moderate,genus_or_higher,FALSE,NA,high,0.97
Odontobutis potamophilus,12S,7,0.44884115319389484,0.00791407574901074,FALSE,-0.4409270774448841,0.8095,0.8317,0.22159412097230075,0.26286037309214244,0.44601469756924816,0.11758055398530243,-0.32843414358394574,FALSE,1,0.00791407574901074,-0.4409270774448841,0.8095,0.7619,0,low,genus_or_higher,FALSE,NA,high,0.97
Oncorhynchus mykiss,12S,31,0.48106274731486715,0.01921989824759751,FALSE,-0.46184284906726963,0.7548,0.9643,0.29055963821368,0.31712832108535893,0.4714527981910684,0.11136235161107971,-0.3600904465799887,FALSE,0,NA,NA,NA,NA,0,low,genus_or_higher,FALSE,NA,high,0.97
Oreochromis mossambicus,12S,6,0.44601469756924816,0.00395703787450537,FALSE,-0.4420576596947428,0.9333,0.829,0.32730356133408706,0.318824194460147,0.44482758620689655,0.06557377049180328,-0.37925381571509326,FALSE,1,0.00395703787450537,-0.4420576596947428,0.9333,0.9242,0,low,genus_or_higher,FALSE,NA,high,0.97
Oreochromis niloticus,12S,22,0.50423968343697,0.00395703787450537,FALSE,-0.5002826455624646,0.9827,0.9945,0.29960429621254947,0.320520067834935,0.4468626342566422,0.08648954211418881,-0.3603730921424534,FALSE,1,0.00395703787450537,-0.5002826455624646,0.9827,1,0,moderate,genus_or_higher,FALSE,NA,high,0.97
Oryzias latipes,12S,38,0.45279819106840025,0.01978518937252685,FALSE,-0.4330130016958734,0.8649,0.8405,0.29395138496325607,0.3131712832108536,0.44884115319389484,0.09101187111362352,-0.3578292820802713,FALSE,0,NA,NA,NA,NA,0,low,genus_or_higher,FALSE,NA,high,0.97
Oxyeleotris marmorata,12S,8,0.45618993781797623,0.018654607122668174,FALSE,-0.43753533069530803,0.7857,0.7847,0.36291690220463535,0.3233465234595817,0.4499717354437535,0.05596382136800452,-0.394007914075749,FALSE,0,NA,NA,NA,NA,0,low,genus_or_higher,FALSE,NA,high,0.97
Pampus argenteus,12S,5,0.4539287733182589,0.01921989824759751,FALSE,-0.4347088750706614,0.9,0.7952,0.3541548897682306,0.30977953646127754,0.4539287733182589,0.0915206331260601,-0.3624081401921988,FALSE,0,NA,NA,NA,NA,0,low,genus_or_higher,FALSE,NA,high,0.97
Parastromateus niger,12S,8,0.4465799886941775,0.013566986998304126,FALSE,-0.43301300169587337,0.9286,0.8426,0.30271339739966086,0.3600904465799887,0.4269926512153758,0.058790276992651214,-0.36820237422272456,FALSE,0,NA,NA,NA,NA,0,low,genus_or_higher,FALSE,NA,high,0.97
Perca fluviatilis,12S,16,0.5794234030525721,0.009609949123798756,FALSE,-0.5698134539287734,0.9333,0.9721,0.36998304126625214,0.36970039570378743,0.5702374222724704,0.09383832673827021,-0.47639909553420023,FALSE,0,NA,NA,NA,NA,0,low,genus_or_higher,FALSE,NA,high,0.97
Periophthalmus modestus,12S,7,0.45618993781797623,0.011305822498586773,FALSE,-0.4448841153193895,0.8095,0.8502,0.08083663086489543,0.22781232334652346,0.4522328999434709,0.09779536461277558,-0.35443753533069533,FALSE,0,NA,NA,NA,NA,0,low,genus_or_higher,FALSE,NA,high,0.97
Piaractus brachypomus,12S,5,0.15715093273035613,0.005087620124364048,FALSE,-0.1520633126059921,1,0.1044,0.0423968343697004,0.3600904465799887,0.15638778971170153,0.08196721311475409,-0.07442057659694744,FALSE,0,NA,NA,NA,NA,0,low,genus_or_higher,FALSE,NA,high,0.97
Planiliza haematocheilus,12S,6,0.44149236856981344,0.01582815149802148,FALSE,-0.425664217071792,0.7333,0.7462,0.40644431882419446,0.29140757490107405,0.4410966647823629,0.03674392312040701,-0.4043527416619559,FALSE,0,NA,NA,NA,NA,0,low,genus_or_higher,FALSE,NA,high,0.97
Platycephalus indicus,12S,6,0.4494064443188242,0.014697569248162803,FALSE,-0.4347088750706614,1,0.7529,0.40644431882419446,0.3182589033352176,0.447032221594121,0.05765969474279254,-0.38937252685132845,FALSE,0,NA,NA,NA,NA,0,low,genus_or_higher,FALSE,NA,high,0.97
Plecoglossus altivelis,12S,13,0.4629734313171283,0.006783493499152063,FALSE,-0.45618993781797623,0.9103,0.8238,0.3103448275862069,0.3397399660825325,0.44847371396269065,0.04465799886941775,-0.4038157150932729,FALSE,0,NA,NA,NA,NA,0,low,genus_or_higher,FALSE,NA,high,0.97
Poecilia reticulata,12S,8,0.4437535330695308,0.015262860373092142,FALSE,-0.42849067269643865,0.9286,0.7681,0.31543244771057094,0.3436970039570379,0.4418598078010175,0.05765969474279254,-0.384200113058225,FALSE,0,NA,NA,NA,NA,0,low,genus_or_higher,FALSE,NA,high,0.97
Polyodon spathula,12S,6,0.4765404183154324,0.0016958733747880158,FALSE,-0.47484454494064443,0.9333,0.8963,0.3657433578292821,0.2911249293386094,0.45556811758055393,0.11902204635387226,-0.3365460712266817,FALSE,0,NA,NA,NA,NA,0,low,genus_or_higher,FALSE,NA,high,0.97
Protosalanx chinensis,12S,11,0.44601469756924816,0.0011305822498586771,FALSE,-0.4448841153193895,0.8182,0.8622,0.285472018089316,0.35669869983041264,0.44544940644431885,0.06856981345392882,-0.37687959299039003,FALSE,0,NA,NA,NA,NA,0,low,genus_or_higher,FALSE,NA,high,0.97
Pseudorasbora parva,12S,16,0.4511023176936122,0.00791407574901074,FALSE,-0.44318824194460144,0.875,0.7841,0.17806670435274166,0.26681741096664785,0.448304126625212,0.04070096099491238,-0.40760316563029964,FALSE,0,NA,NA,NA,NA,0,low,genus_or_higher,FALSE,NA,high,0.97
Rhinogobius brunneus,12S,14,0.45449406444318824,0.00395703787450537,FALSE,-0.4505370265686829,0.9451,0.8689,0.10966647823629169,0.25296777840587903,0.4519502543810062,0.10231769361221028,-0.34963256076879595,FALSE,2,0.00395703787450537,-0.4505370265686829,0.9451,0.9365,0,moderate,genus_or_higher,FALSE,NA,high,0.97
Rhinogobius cliffordpopei,12S,5,0.4511023176936122,0.00395703787450537,FALSE,-0.44714527981910684,0.8,0.7072,0.44884115319389484,0.30977953646127754,0.45059355568117576,0.03617863199547767,-0.4144149236856981,FALSE,2,0.00395703787450537,-0.44714527981910684,0.8,0.7852,0,low,genus_or_higher,FALSE,NA,high,0.97
Rhinogobius similis,12S,13,0.47484454494064443,0.006783493499152063,FALSE,-0.46806105144149235,0.8974,0.9157,0.11221028829847371,0.26286037309214244,0.4483606557377049,0.11362351611079706,-0.3347371396269078,FALSE,2,0.006783493499152063,-0.46806105144149235,0.8974,0.9838,1,moderate,genus_or_higher,FALSE,NA,high,0.97
Rhodeus ocellatus,12S,11,0.4629734313171283,0.01243640474844545,FALSE,-0.4505370265686829,0.7636,0.7328,0.4392312040700961,0.3193894855850763,0.46105144149236854,0.03617863199547767,-0.4248728094968909,FALSE,0,NA,NA,NA,NA,0,low,genus_or_higher,FALSE,NA,high,0.97
Rhynchocypris oxycephalus,12S,6,0.18315432447710572,0.026003391746749576,FALSE,-0.15715093273035616,0.5333,0.3478,0.17637083097795364,0.24364047484454493,0.18315432447710572,0.048049745618993785,-0.13510457885811195,FALSE,0,NA,NA,NA,NA,1,low,genus_or_higher,FALSE,NA,high,0.97
Sander lucioperca,12S,5,0.3244771057094404,0.009609949123798756,FALSE,-0.31486715658564163,0.8,0.4853,0.32193329564725837,0.3374788015828151,0.32422272470322216,0.09366873940079144,-0.2305539853024307,FALSE,0,NA,NA,NA,NA,0,low,genus_or_higher,FALSE,NA,high,0.97
Sarcocheilichthys sinensis,12S,5,0.005087620124364048,0.03617863199547767,TRUE,0.03109101187111362,0,0,0.0011305822498586771,0.1859807801017524,0.005087620124364048,0.04578858111927643,0.04070096099491238,TRUE,0,NA,NA,NA,NA,1,low,species,TRUE,NA,low,0.97
Saurogobio dabryi,12S,5,0.45618993781797623,0.00791407574901074,FALSE,-0.44827586206896547,0.6,0.7189,0.45081967213114754,0.31543244771057094,0.455935556811758,0.03617863199547767,-0.41975692481628035,FALSE,0,NA,NA,NA,NA,0,low,genus_or_higher,FALSE,NA,high,0.97
Schistura fasciolata,12S,5,0.018089315997738834,0.05144149236856981,TRUE,0.033352176370830974,0,0,0.013001695873374788,0.18428490672696438,0.017834934991520633,0.07744488411531938,0.05960994912379875,TRUE,0,NA,NA,NA,NA,8,low,species,TRUE,NA,low,0.97
Silurus asotus,12S,24,0.4556246466930469,0.0033917467495760316,FALSE,-0.4522328999434709,0.8406,0.8174,0.015262860373092142,0.23459581684567551,0.4522328999434709,0.10118711136235162,-0.35104578858111923,FALSE,1,0.0033917467495760316,-0.4522328999434709,0.8406,0.9583,0,moderate,genus_or_higher,FALSE,NA,high,0.97
Silurus meridionalis,12S,5,0.45279819106840025,0.0033917467495760316,FALSE,-0.4494064443188242,0.9,0.7578,0.011023176936122103,0.24533634821933295,0.4520350480497456,0.0644431882419446,-0.387591859807801,FALSE,1,0.0033917467495760316,-0.4494064443188242,0.9,0.8167,0,low,genus_or_higher,FALSE,NA,high,0.97
Siniperca chuatsi,12S,5,0.4420576596947428,0.011871113623516111,FALSE,-0.4301865460712267,0.7,0.897,0.32560768795929906,0.3600904465799887,0.4420576596947428,0.07687959299039004,-0.36517806670435277,FALSE,1,0.011871113623516111,-0.4301865460712267,0.7,0.94,0,low,genus_or_higher,FALSE,NA,high,0.97
Siniperca scherzeri,12S,10,0.3109101187111362,0.011871113623516111,FALSE,-0.2990390050876201,0.6444,0.5917,0.06783493499152063,0.20237422272470323,0.30977953646127754,0.09892594686263426,-0.21085358959864328,FALSE,1,0.011871113623516111,-0.2990390050876201,0.6444,0.28,0,moderate,genus_or_higher,FALSE,NA,high,0.97
Sinosturio schrenckii,12S,7,0.4844544940644432,5.652911249293386e-4,FALSE,-0.4838892029395139,0.9048,0.926,0.14245336348219334,0.2866026003391747,0.4844544940644432,0.11814584511023177,-0.36630864895421145,FALSE,1,5.652911249293386e-4,-0.4838892029395139,0.9048,0.9841,0,low,genus_or_higher,FALSE,NA,high,0.97
Sinosturio sinensis,12S,9,0.36687394007914076,5.652911249293386e-4,FALSE,-0.36630864895421145,0.9167,0.6652,0.18287167891464104,0.31260599208592427,0.36630864895421145,0.11475409836065574,-0.2515545505935557,FALSE,1,5.652911249293386e-4,-0.36630864895421145,0.9167,0.7619,0,low,genus_or_higher,FALSE,NA,high,0.97
Tachysurus ussuriensis,12S,6,0.4522328999434709,0.011871113623516111,FALSE,-0.44036178631995476,0.8667,0.802,0.3380440927077445,0.35500282645562464,0.4522328999434709,0.0644431882419446,-0.38778971170152626,FALSE,1,0.01243640474844545,-0.43979649519502545,0.8667,0.8333,0,low,genus_or_higher,FALSE,NA,high,0.97
Tachysurus vachellii,12S,5,0.02035048049745619,0.01243640474844545,FALSE,-0.007914075749010742,0.2,0.0011,0.009892594686263426,0.17524024872809496,0.019587337478801585,0.10231769361221028,0.0827303561334087,TRUE,1,0.01243640474844545,-0.007914075749010742,0.2,0.2333,1,low,genus_or_higher,FALSE,NA,high,0.97
Taenioides cirratus,12S,7,0.0322215941209723,0.03843979649519502,TRUE,0.006218202374222721,0,0,0.02882984737139627,0.17806670435274166,0.0322215941209723,0.11192764273600904,0.07970604861503675,TRUE,0,NA,NA,NA,NA,0,low,species,TRUE,NA,moderate,0.97
Takifugu alboplumbeus,12S,7,0.4420576596947428,0.0045223289994347085,FALSE,-0.4375353306953081,0.8095,0.6914,0.425664217071792,0.3159977388355003,0.44149236856981344,0.03674392312040701,-0.4047484454494064,FALSE,1,0.0045223289994347085,-0.4375353306953081,0.8095,0.8776,0,low,genus_or_higher,FALSE,NA,high,0.97
Takifugu rubripes,12S,7,0.2645562464669305,0.0045223289994347085,FALSE,-0.26003391746749577,0.9524,0.5218,0.09044657998869418,0.2328999434708875,0.2634256642170718,0.13736574335782928,-0.12605992085924253,FALSE,1,0.0045223289994347085,-0.26003391746749577,0.9524,0.6122,0,low,genus_or_higher,FALSE,NA,high,0.97
Terapon jarbua,12S,12,0.44544940644431885,0.011871113623516111,FALSE,-0.43357829282080274,0.8485,0.7738,0.323911814584511,0.34087054833239117,0.4448841153193895,0.053702656868287166,-0.3911814584511023,FALSE,0,NA,NA,NA,NA,0,low,genus_or_higher,FALSE,NA,high,0.97
Tinca tinca,12S,6,0.4505370265686829,0.005087620124364048,FALSE,-0.44544940644431885,0.8,0.8274,0.3323911814584511,0.3224985867721877,0.4501413227812323,0.034482758620689655,-0.41565856416054264,FALSE,0,NA,NA,NA,NA,0,low,genus_or_higher,FALSE,NA,high,0.97
Triaenopogon barbatus,12S,9,0.39344262295081966,0.010740531373657434,FALSE,-0.38270209157716223,0.9444,0.856,0.09694742792538158,0.24703222159412097,0.3695590729225551,0.14867156585641605,-0.22088750706613902,FALSE,0,NA,NA,NA,NA,0,low,genus_or_higher,FALSE,NA,high,0.97
Tridentiger trigonocephalus,12S,9,0.4539287733182589,0.010740531373657434,FALSE,-0.4431882419446015,0.9722,0.8449,0.23261729790842284,0.2764273600904466,0.44884115319389484,0.10090446579988695,-0.3479366873940079,FALSE,0,NA,NA,NA,NA,0,low,genus_or_higher,FALSE,NA,high,0.97
Trypauchen vagina,12S,5,0.4522328999434709,0.008479366873940079,FALSE,-0.4437535330695308,0.4,0.6028,0.00791407574901074,0.36970039570378743,0.4522328999434709,0.03165630299604296,-0.42057659694742794,FALSE,0,NA,NA,NA,NA,0,low,genus_or_higher,FALSE,NA,high,0.97
Xiphophorus hellerii,12S,8,0.47314867156585644,0.015262860373092142,FALSE,-0.4578858111927643,0.9643,0.8872,0.31430186546071226,0.3363482193329565,0.4644714527981911,0.06158846806105146,-0.4028829847371396,FALSE,0,NA,NA,NA,NA,0,low,genus_or_higher,FALSE,NA,high,0.97
Zacco platypus,12S,22,0.4522328999434709,0.002826455624646693,FALSE,-0.4494064443188242,0.8312,0.7324,0.3193894855850763,0.30073487846240815,0.45166760881854157,0.030525720746184284,-0.4211418880723573,FALSE,0,NA,NA,NA,NA,0,low,genus_or_higher,FALSE,NA,high,0.97
Acheilognathus macropterus,16S,7,0.05,0.012592592592592593,FALSE,-0.03740740740740741,0.2857,0.1025,7.407407407407407e-4,0.07444444444444444,0.05,0.042222222222222223,-0.007777777777777779,FALSE,0,NA,NA,NA,NA,0,low,genus_or_higher,FALSE,NA,high,0.97
Ameiurus nebulosus,16S,8,0.10037037037037037,0.007407407407407408,FALSE,-0.09296296296296297,0.8929,0.564,0.04555555555555556,0.09,0.09292592592592591,0.046296296296296294,-0.04662962962962962,FALSE,0,NA,NA,NA,NA,0,low,genus_or_higher,FALSE,NA,high,0.97
Anguilla japonica,16S,160,0.6355555555555555,0.008888888888888889,FALSE,-0.6266666666666667,0.8124,0.9995,0.05037037037037037,0.2437037037037037,0.46814814814814815,0.0337037037037037,-0.43444444444444447,FALSE,1,0.008888888888888889,-0.6266666666666667,0.8124,1,0,moderate,genus_or_higher,FALSE,NA,high,0.97
Anguilla marmorata,16S,216,0.5192592592592593,0.008888888888888889,FALSE,-0.5103703703703705,0.7812,0.9566,0.04185185185185185,0.29962962962962963,0.4714814814814815,0.04777777777777778,-0.4237037037037037,FALSE,1,0.008888888888888889,-0.5103703703703705,0.7812,0.9608,1,moderate,genus_or_higher,FALSE,NA,high,0.97
Barbonymus gonionotus,16S,8,0.044444444444444446,0.006296296296296296,FALSE,-0.03814814814814815,0.75,0.0982,0.015740740740740743,0.07296296296296297,0.043037037037037026,0.03148148148148148,-0.011555555555555548,FALSE,0,NA,NA,NA,NA,0,low,genus_or_higher,FALSE,NA,high,0.97
Carassius auratus,16S,47,0.547037037037037,0.002962962962962963,FALSE,-0.544074074074074,0.926,0.9931,0.1748148148148148,0.2562962962962963,0.42444444444444446,0.04666666666666667,-0.37777777777777777,FALSE,1,0.002962962962962963,-0.544074074074074,0.926,1,0,moderate,genus_or_higher,FALSE,NA,high,0.97
Carassius cuvieri,16S,5,0.2866666666666667,0.002962962962962963,FALSE,-0.28370370370370374,0.4,0.3158,0.0011111111111111111,0.3074074074074074,0.2865,0.06296296296296296,-0.22353703703703703,FALSE,1,0.002962962962962963,-0.28370370370370374,0.4,0.5872,0,low,genus_or_higher,FALSE,NA,high,0.97
Channa argus,16S,14,0.3233333333333333,0.003703703703703704,FALSE,-0.3196296296296296,0.7582,0.7325,0.016296296296296295,0.07407407407407407,0.3175925925925926,0.04259259259259259,-0.275,FALSE,2,0.003703703703703704,-0.3196296296296296,0.7582,0.9429,0,moderate,genus_or_higher,FALSE,NA,high,0.97
Channa asiatica,16S,5,0.32185185185185183,0.01074074074074074,FALSE,-0.3111111111111111,0.8,0.6595,0.024814814814814814,0.12444444444444444,0.32185185185185183,0.04296296296296296,-0.27888888888888885,FALSE,2,0.01074074074074074,-0.3111111111111111,0.8,0.9053,0,low,genus_or_higher,FALSE,NA,high,0.97
Channa maculata,16S,5,0.3111111111111111,0.003703703703703704,FALSE,-0.3074074074074074,0.8,0.62,0.02185185185185185,0.12296296296296297,0.3111111111111111,0.043333333333333335,-0.2677777777777778,FALSE,2,0.003703703703703704,-0.3074074074074074,0.8,0.8526,0,low,genus_or_higher,FALSE,NA,high,0.97
Cirrhinus mrigala,16S,7,0.09444444444444444,0.0044444444444444444,FALSE,-0.09,0.9524,0.5569,0.0337037037037037,0.08518518518518518,0.09333333333333334,0.03148148148148148,-0.06185185185185186,FALSE,0,NA,NA,NA,NA,0,low,genus_or_higher,FALSE,NA,high,0.97
Clarias batrachus,16S,23,0.4703703703703704,0.0025925925925925925,FALSE,-0.4677777777777778,0.9565,0.9174,0.04555555555555556,0.16148148148148148,0.4580740740740741,0.045925925925925926,-0.41214814814814815,FALSE,1,0.0025925925925925925,-0.4677777777777778,0.9565,1,0,moderate,genus_or_higher,FALSE,NA,high,0.97
Clarias gariepinus,16S,58,0.4222222222222222,0.0025925925925925925,FALSE,-0.41962962962962963,0.9062,0.8522,0.01925925925925926,0.08148148148148149,0.41888888888888887,0.04777777777777778,-0.37111111111111106,FALSE,1,0.0025925925925925925,-0.41962962962962963,0.9062,0.9168,0,moderate,genus_or_higher,FALSE,NA,high,0.97
Collichthys lucidus,16S,11,0.42518518518518517,0.01,FALSE,-0.41518518518518516,0.6,0.8553,0.3562962962962963,0.38481481481481483,0.42466666666666664,0.052222222222222225,-0.3724444444444444,FALSE,0,NA,NA,NA,NA,0,low,genus_or_higher,FALSE,NA,high,0.97
Colossoma macropomum,16S,5,0.055185185185185184,0.014814814814814815,FALSE,-0.04037037037037037,0.8,0.1272,0.02796296296296296,0.07777777777777778,0.055185185185185184,0.04814814814814815,-0.007037037037037036,FALSE,0,NA,NA,NA,NA,0,low,genus_or_higher,FALSE,NA,high,0.97
Coptodon zillii,16S,7,0.03148148148148148,0.00962962962962963,FALSE,-0.021851851851851848,0.8095,0.0134,0.02666666666666667,0.08037037037037037,0.03111111111111111,0.04185185185185185,0.010740740740740738,TRUE,0,NA,NA,NA,NA,1,low,genus_or_higher,FALSE,NA,high,0.97
Ctenopharyngodon idella,16S,7,0.45,0.008518518518518519,FALSE,-0.4414814814814815,0.8095,0.8281,0.2725925925925926,0.2922222222222222,0.4444444444444444,0.05148148148148148,-0.39296296296296296,FALSE,0,NA,NA,NA,NA,0,low,genus_or_higher,FALSE,NA,high,0.97
Cynoglossus abbreviatus,16S,5,0.056666666666666664,0.025555555555555557,FALSE,-0.031111111111111107,0.5,0.0113,0.026851851851851852,0.09592592592592593,0.05099999999999998,0.06666666666666667,0.015666666666666683,TRUE,2,0.025555555555555557,-0.031111111111111107,0.5,0.6235,3,low,genus_or_higher,FALSE,NA,high,0.97
Cynoglossus joyneri,16S,11,0.022222222222222223,0.025555555555555557,TRUE,0.003333333333333334,0,0,0.004814814814814815,0.08407407407407408,0.02148148148148148,0.06222222222222222,0.040740740740740744,TRUE,2,0.025555555555555557,0.003333333333333334,0,0,1,moderate,species,FALSE,NA,moderate,0.97
Cynoglossus robustus,16S,6,0.4122222222222222,0.03148148148148148,FALSE,-0.3807407407407407,0.7333,0.7679,0.04814814814814815,0.10407407407407407,0.4018518518518519,0.06555555555555556,-0.3362962962962963,FALSE,2,0.03148148148148148,-0.3807407407407407,0.7333,0.9792,1,low,genus_or_higher,FALSE,NA,high,0.97
Cyprinus carpio,16S,61,0.4040740740740741,0.005925925925925926,FALSE,-0.39814814814814814,0.8765,0.8243,0.026296296296296297,0.0862962962962963,0.337037037037037,0.04111111111111111,-0.2959259259259259,FALSE,0,NA,NA,NA,NA,0,low,genus_or_higher,FALSE,NA,high,0.97
Eleutheronema tetradactylum,16S,5,0.08777777777777777,0.028888888888888888,FALSE,-0.058888888888888886,0.8,0.4729,0.04888888888888889,0.09296296296296297,0.08244444444444443,0.05037037037037037,-0.03207407407407406,FALSE,0,NA,NA,NA,NA,0,low,genus_or_higher,FALSE,NA,high,0.97
Glossogobius giuris,16S,10,0.0337037037037037,0.03,FALSE,-0.003703703703703702,0.0667,1e-4,0.014074074074074074,0.07444444444444444,0.031777777777777766,0.04888888888888889,0.017111111111111126,TRUE,0,NA,NA,NA,NA,4,low,genus_or_higher,FALSE,NA,high,0.97
Harpadon nehereus,16S,11,0.4137037037037037,0.04,FALSE,-0.3737037037037037,0.6909,0.8296,0.06888888888888889,0.39,0.41240740740740744,0.06925925925925926,-0.3431481481481482,FALSE,0,NA,NA,NA,NA,0,low,genus_or_higher,FALSE,NA,high,0.97
Huso gueldenstaedtii,16S,7,0.4559259259259259,0.0014814814814814814,FALSE,-0.45444444444444443,1,0.8232,0.43703703703703706,0.38074074074074077,0.45555555555555555,0.055185185185185184,-0.4003703703703704,FALSE,1,0.0014814814814814814,-0.45444444444444443,1,0.898,0,low,genus_or_higher,FALSE,NA,high,0.97
Huso ruthenus,16S,7,0.17407407407407408,0.0014814814814814814,FALSE,-0.1725925925925926,1,0.6192,0.03851851851851852,0.09555555555555556,0.1562962962962963,0.05283333333333333,-0.10346296296296296,FALSE,1,0.0014814814814814814,-0.1725925925925926,1,0.4286,0,low,genus_or_higher,FALSE,NA,high,0.97
Ictalurus punctatus,16S,8,0.054814814814814816,0.007407407407407408,FALSE,-0.04740740740740741,0.6786,0.0953,0.038148148148148146,0.08518518518518518,0.04909259259259259,0.048518518518518516,-5.740740740740741e-4,FALSE,0,NA,NA,NA,NA,0,low,genus_or_higher,FALSE,NA,high,0.97
Ilisha elongata,16S,5,0.01962962962962963,0.045925925925925926,TRUE,0.026296296296296297,0,0,0.0044444444444444444,0.1025925925925926,0.01846296296296296,0.07222222222222222,0.05375925925925926,TRUE,0,NA,NA,NA,NA,4,low,species,TRUE,NA,low,0.97
Konosirus punctatus,16S,90,0.25962962962962965,0.0437037037037037,FALSE,-0.21592592592592597,0.2904,0.66,0.0025925925925925925,0.24074074074074073,0.24444444444444444,0.07629629629629629,-0.16814814814814816,FALSE,0,NA,NA,NA,NA,5,low,genus_or_higher,FALSE,NA,high,0.97
Labeo catla,16S,20,0.07037037037037037,0.001851851851851852,FALSE,-0.06851851851851852,0.9368,0.4016,0.024074074074074074,0.07925925925925927,0.050999999999999913,0.030740740740740742,-0.02025925925925917,FALSE,1,0.001851851851851852,-0.06851851851851852,0.9368,0.9382,0,moderate,genus_or_higher,FALSE,NA,high,0.97
Labeo rohita,16S,34,0.41555555555555557,0.001851851851851852,FALSE,-0.41370370370370374,0.9519,0.8394,0.023333333333333334,0.08333333333333333,0.38333333333333336,0.034074074074074076,-0.34925925925925927,FALSE,1,0.001851851851851852,-0.41370370370370374,0.9519,1,0,moderate,genus_or_higher,FALSE,NA,high,0.97
Lateolabrax japonicus,16S,7,0.49296296296296294,0.02148148148148148,FALSE,-0.47148148148148145,0.8095,0.9476,0.19185185185185186,0.24074074074074073,0.4381481481481482,0.04703703703703704,-0.39111111111111113,FALSE,0,NA,NA,NA,NA,2,low,genus_or_higher,FALSE,NA,high,0.97
Lepomis cyanellus,16S,15,0.5518518518518518,0.0022222222222222222,FALSE,-0.5496296296296296,0.8952,0.9847,0.10703703703703704,0.1662962962962963,0.5094074074074074,0.047407407407407405,-0.462,FALSE,2,0.0022222222222222222,-0.5496296296296296,0.8952,0.987,0,moderate,genus_or_higher,FALSE,NA,high,0.97
Lepomis gibbosus,16S,14,0.5503703703703704,0.0025925925925925925,FALSE,-0.5477777777777778,0.978,0.979,0.11370370370370371,0.15407407407407409,0.48203703703703704,0.05,-0.43203703703703705,FALSE,2,0.0025925925925925925,-0.5477777777777778,0.978,0.9884,0,moderate,genus_or_higher,FALSE,NA,high,0.97
Lepomis macrochirus,16S,22,0.5537037037037037,0.0022222222222222222,FALSE,-0.5514814814814815,0.974,0.9917,0.05037037037037037,0.1262962962962963,0.44351851851851853,0.04518518518518518,-0.3983333333333334,FALSE,2,0.0022222222222222222,-0.5514814814814815,0.974,0.9906,0,moderate,genus_or_higher,FALSE,NA,high,0.97
Leuciscus aspius,16S,5,0.02962962962962963,0.011851851851851851,FALSE,-0.01777777777777778,0.8,0.0125,0.015740740740740743,0.07222222222222222,0.02946296296296296,0.04185185185185185,0.012388888888888887,TRUE,0,NA,NA,NA,NA,0,low,genus_or_higher,FALSE,NA,high,0.97
Luciogobius guttatus,16S,18,0.03666666666666667,0.03,FALSE,-0.006666666666666668,0.1111,0.0018,0.005185185185185185,0.0811111111111111,0.034074074074074076,0.05074074074074074,0.016666666666666663,TRUE,0,NA,NA,NA,NA,2,low,genus_or_higher,FALSE,NA,high,0.97
Macrognathus aculeatus,16S,26,0.002962962962962963,0.1237037037037037,TRUE,0.12074074074074075,0,0,0.0011111111111111111,0.31,0.001851851851851852,0.18518518518518517,0.18333333333333332,TRUE,0,NA,NA,NA,NA,7,low,species,TRUE,NA,low,0.97
Micropterus salmoides,16S,22,0.5881481481481482,0.0044444444444444444,FALSE,-0.5837037037037037,0.9654,0.9904,0.14555555555555555,0.18481481481481482,0.47259259259259256,0.045925925925925926,-0.42666666666666664,FALSE,0,NA,NA,NA,NA,0,low,genus_or_higher,FALSE,NA,high,0.97
Miichthys miiuy,16S,12,0.4192592592592593,0.01,FALSE,-0.40925925925925927,0.5455,0.8494,0.027222222222222224,0.3844444444444444,0.4191666666666667,0.051111111111111114,-0.3680555555555556,FALSE,0,NA,NA,NA,NA,0,low,genus_or_higher,FALSE,NA,high,0.97
Misgurnus anguillicaudatus,16S,5,0.4325925925925926,0.027037037037037037,FALSE,-0.40555555555555556,0.4,0.7412,0.020370370370370372,0.1459259259259259,0.4304259259259259,0.04185185185185185,-0.388574074074074,FALSE,0,NA,NA,NA,NA,0,low,genus_or_higher,FALSE,NA,high,0.97
Monopterus albus,16S,54,0.44222222222222224,0.03740740740740741,FALSE,-0.40481481481481485,0.6862,0.7687,0.06407407407407407,0.39444444444444443,0.41888888888888887,0.0674074074074074,-0.35148148148148145,FALSE,0,NA,NA,NA,NA,0,low,genus_or_higher,FALSE,NA,high,0.97
Moolgarda cunnesius,16S,7,0.3874074074074074,0.021111111111111112,FALSE,-0.3662962962962963,0.6667,0.6636,0.31333333333333335,0.31,0.3874074074074074,0.056666666666666664,-0.3307407407407408,FALSE,0,NA,NA,NA,NA,1,low,genus_or_higher,FALSE,NA,high,0.97
Mugil cephalus,16S,61,0.5948148148148148,0.03222222222222222,FALSE,-0.5625925925925925,0.5765,0.9964,0.04814814814814815,0.22740740740740742,0.4239814814814814,0.05925925925925926,-0.36472222222222217,FALSE,0,NA,NA,NA,NA,0,low,genus_or_higher,FALSE,NA,high,0.97
Muraenesox cinereus,16S,9,0.09888888888888889,0.03851851851851852,FALSE,-0.060370370370370366,0.2222,0.5231,0.026296296296296297,0.09407407407407407,0.0949074074074074,0.057759259259259274,-0.037148148148148125,FALSE,0,NA,NA,NA,NA,7,low,genus_or_higher,FALSE,NA,high,0.97
Odontobutis obscurus,16S,5,0.005555555555555556,0.026296296296296297,TRUE,0.02074074074074074,0,0,0.0027777777777777775,0.07444444444444444,0.005388888888888888,0.04703703703703704,0.04164814814814815,TRUE,1,0.026296296296296297,0.02074074074074074,0,0,0,low,species,TRUE,NA,low,0.97
Odontobutis potamophilus,16S,13,0.292962962962963,0.026296296296296297,FALSE,-0.26666666666666666,0.3077,0.6498,0.022037037037037036,0.08592592592592592,0.28185185185185185,0.05,-0.23185185185185186,FALSE,1,0.026296296296296297,-0.26666666666666666,0.3077,1,0,moderate,genus_or_higher,FALSE,NA,high,0.97
Oncorhynchus mykiss,16S,22,0.554074074074074,0.008148148148148147,FALSE,-0.5459259259259259,0.9697,0.9778,0.11888888888888889,0.16185185185185186,0.5,0.05407407407407407,-0.44592592592592595,FALSE,0,NA,NA,NA,NA,0,low,genus_or_higher,FALSE,NA,high,0.97
Oreochromis aureus,16S,5,0.04555555555555556,0.004074074074074074,FALSE,-0.04148148148148148,1,0.0614,0.02351851851851852,0.0837037037037037,0.041722222222222216,0.043333333333333335,0.0016111111111111187,TRUE,2,0.004074074074074074,-0.04148148148148148,1,0.74,0,low,genus_or_higher,FALSE,NA,high,0.97
Oreochromis mossambicus,16S,10,0.04037037037037037,0.0014814814814814814,FALSE,-0.03888888888888889,1,0.0667,0.01814814814814815,0.07407407407407407,0.038296296296296294,0.0362962962962963,-0.001999999999999995,FALSE,2,0.0014814814814814814,-0.03888888888888889,1,0.8933,0,moderate,genus_or_higher,FALSE,NA,high,0.97
Oreochromis niloticus,16S,40,0.08666666666666667,0.0014814814814814814,FALSE,-0.08518518518518518,0.9615,0.563,0.016666666666666666,0.07333333333333333,0.06592592592592593,0.03851851851851852,-0.027407407407407408,FALSE,2,0.0014814814814814814,-0.08518518518518518,0.9615,0.9917,0,moderate,genus_or_higher,FALSE,NA,high,0.97
Oryzias latipes,16S,20,0.09777777777777778,0.030740740740740742,FALSE,-0.06703703703703703,0.5211,0.5598,0.035925925925925924,0.08851851851851852,0.09075925925925918,0.05444444444444444,-0.03631481481481474,FALSE,0,NA,NA,NA,NA,0,low,genus_or_higher,FALSE,NA,high,0.97
Pampus argenteus,16S,19,0.3996296296296296,0.025925925925925925,FALSE,-0.3737037037037037,0.6082,0.7864,0.02851851851851852,0.10111111111111111,0.39925925925925926,0.05037037037037037,-0.3488888888888889,FALSE,0,NA,NA,NA,NA,0,low,genus_or_higher,FALSE,NA,high,0.97
Parachromis managuensis,16S,5,0.022962962962962963,0.024074074074074074,TRUE,0.0011111111111111113,0,0,0.011666666666666665,0.0725925925925926,0.022962962962962963,0.04148148148148148,0.018518518518518517,TRUE,0,NA,NA,NA,NA,1,low,species,TRUE,NA,moderate,0.97
Parastromateus niger,16S,6,0.0874074074074074,0.03185185185185185,FALSE,-0.05555555555555555,0.7333,0.3652,0.05074074074074074,0.10333333333333333,0.08299999999999999,0.05740740740740741,-0.025592592592592583,FALSE,0,NA,NA,NA,NA,2,low,genus_or_higher,FALSE,NA,high,0.97
Perca fluviatilis,16S,29,0.2662962962962963,0.004814814814814815,FALSE,-0.2614814814814815,0.7833,0.6776,0.024074074074074074,0.08592592592592592,0.21555555555555556,0.04407407407407407,-0.17148148148148148,FALSE,0,NA,NA,NA,NA,0,low,genus_or_higher,FALSE,NA,high,0.97
Percocypris regani,16S,6,0.2374074074074074,0.045925925925925926,FALSE,-0.19148148148148147,0.3333,0.0653,0.0011111111111111111,0.48148148148148145,0.23714814814814816,0.17185185185185184,-0.06529629629629632,FALSE,0,NA,NA,NA,NA,4,low,genus_or_higher,FALSE,NA,high,0.97
Planiliza haematocheilus,16S,8,0.49592592592592594,0.021111111111111112,FALSE,-0.4748148148148148,0.6429,0.956,0.35814814814814816,0.39666666666666667,0.49592592592592594,0.06518518518518518,-0.43074074074074076,FALSE,0,NA,NA,NA,NA,0,low,genus_or_higher,FALSE,NA,high,0.97
Platycephalus indicus,16S,7,0.09518518518518519,0.025555555555555557,FALSE,-0.06962962962962964,0.2857,0.5268,0.01962962962962963,0.08222222222222222,0.09518518518518519,0.04296296296296296,-0.05222222222222223,FALSE,0,NA,NA,NA,NA,0,low,genus_or_higher,FALSE,NA,high,0.97
Poecilia reticulata,16S,12,0.12555555555555556,0.03333333333333333,FALSE,-0.09222222222222223,0.4394,0.572,0.026111111111111113,0.09407407407407407,0.12185185185185185,0.052592592592592594,-0.06925925925925926,FALSE,0,NA,NA,NA,NA,1,low,genus_or_higher,FALSE,NA,high,0.97
Prochilodus lineatus,16S,6,0.06518518518518518,0.02148148148148148,FALSE,-0.0437037037037037,0.7333,0.2604,0.04037037037037037,0.08259259259259259,0.06492592592592591,0.05074074074074074,-0.014185185185185176,FALSE,0,NA,NA,NA,NA,0,low,genus_or_higher,FALSE,NA,high,0.97
Protosalanx chinensis,16S,9,0.4085185185185185,0.008888888888888889,FALSE,-0.3996296296296296,0.8611,0.8232,0.20444444444444446,0.2737037037037037,0.4085185185185185,0.05555555555555555,-0.3529629629629629,FALSE,0,NA,NA,NA,NA,0,low,genus_or_higher,FALSE,NA,high,0.97
Pseudorasbora parva,16S,34,0.6066666666666667,0.014074074074074074,FALSE,-0.5925925925925926,0.8182,0.9877,0.2796296296296296,0.29962962962962963,0.5966666666666667,0.05962962962962963,-0.5370370370370371,FALSE,0,NA,NA,NA,NA,0,low,genus_or_higher,FALSE,NA,high,0.97
Pterygoplichthys disjunctivus,16S,11,0.023703703703703703,0.02,FALSE,-0.003703703703703702,0.0545,2e-4,0.01074074074074074,0.0837037037037037,0.01985185185185185,0.04555555555555556,0.025703703703703708,TRUE,0,NA,NA,NA,NA,0,low,genus_or_higher,FALSE,NA,high,0.97
Pygocentrus nattereri,16S,7,0.055185185185185184,0.014814814814814815,FALSE,-0.04037037037037037,0.5238,0.1187,0.02851851851851852,0.07592592592592592,0.04666666666666667,0.04925925925925926,0.0025925925925925908,TRUE,0,NA,NA,NA,NA,0,low,genus_or_higher,FALSE,NA,high,0.97
Rhodeus ocellatus,16S,10,0.020370370370370372,0.012592592592592593,FALSE,-0.007777777777777779,0.4667,0.0036,0.001851851851851852,0.07037037037037037,0.02,0.04259259259259259,0.02259259259259259,TRUE,0,NA,NA,NA,NA,0,low,genus_or_higher,FALSE,NA,high,0.97
Rhynchocypris lagowskii,16S,32,0.053703703703703705,3.7037037037037035e-4,FALSE,-0.05333333333333334,0.9677,0.031,0.006666666666666667,0.3162962962962963,0.05296296296296296,0.0725925925925926,0.019629629629629636,TRUE,1,3.7037037037037035e-4,-0.05333333333333334,0.9677,0.9169,0,moderate,genus_or_higher,FALSE,NA,high,0.97
Rhynchocypris oxycephalus,16S,56,0.05592592592592593,3.7037037037037035e-4,FALSE,-0.05555555555555556,0.9883,0.0194,0.015925925925925927,0.3174074074074074,0.05407407407407407,0.11074074074074074,0.056666666666666664,TRUE,1,3.7037037037037035e-4,-0.05555555555555556,0.9883,0.9888,0,moderate,genus_or_higher,FALSE,NA,high,0.97
Salanx ariakensis,16S,5,0.023333333333333334,0.008888888888888889,FALSE,-0.014444444444444446,0.4,0.0011,0.0012962962962962963,0.07666666666666666,0.023333333333333334,0.05148148148148148,0.028148148148148148,TRUE,0,NA,NA,NA,NA,0,low,genus_or_higher,FALSE,NA,high,0.97
Sander lucioperca,16S,5,0.12222222222222222,0.004814814814814815,FALSE,-0.1174074074074074,0.9,0.5211,0.02537037037037037,0.10666666666666667,0.12038888888888888,0.03888888888888889,-0.08149999999999999,FALSE,0,NA,NA,NA,NA,0,low,genus_or_higher,FALSE,NA,high,0.97
Schizopygopsis eckloni,16S,21,0.24555555555555555,0.002962962962962963,FALSE,-0.24259259259259258,0.6667,0.0609,0.009259259259259259,0.49,0.23872222222222222,0.21716666666666673,-0.021555555555555495,FALSE,2,0.002962962962962963,-0.24259259259259258,0.6667,1,0,moderate,genus_or_higher,FALSE,NA,high,0.97
Schizopygopsis microcephala,16S,5,0.23777777777777778,0.002962962962962963,FALSE,-0.2348148148148148,0.8,0.0678,0.009074074074074075,0.4885185185185185,0.23777777777777778,0.17888888888888888,-0.05888888888888891,FALSE,2,0.002962962962962963,-0.2348148148148148,0.8,0.8615,0,low,genus_or_higher,FALSE,NA,high,0.97
Schizopygopsis potanini,16S,5,0.008888888888888889,0.003703703703703704,FALSE,-0.005185185185185185,0.6,0.0055,0.007592592592592593,0.49407407407407405,0.008888888888888889,0.20185185185185187,0.19296296296296298,TRUE,2,0.003703703703703704,-0.005185185185185185,0.6,0.3538,1,low,genus_or_higher,FALSE,NA,high,0.97
Silurus asotus,16S,21,0.4311111111111111,0.02,FALSE,-0.4111111111111111,0.5667,0.6595,0.20537037037037037,0.3274074074074074,0.2985185185185185,0.10814814814814815,-0.19037037037037036,FALSE,0,NA,NA,NA,NA,5,low,genus_or_higher,FALSE,NA,high,0.97
Takifugu alboplumbeus,16S,5,0.26296296296296295,0.002962962962962963,FALSE,-0.26,0.9,0.4698,0.24796296296296294,0.2777777777777778,0.26246296296296295,0.05,-0.21246296296296296,FALSE,2,0.002962962962962963,-0.26,0.9,0.72,0,low,genus_or_higher,FALSE,NA,high,0.97
Takifugu porphyreus,16S,5,0.26296296296296295,0.0022222222222222222,FALSE,-0.2607407407407407,0.4,0.5777,9.25925925925926e-4,0.13185185185185186,0.2627962962962963,0.044814814814814814,-0.2179814814814815,FALSE,2,0.0022222222222222222,-0.2607407407407407,0.4,0.73,0,low,genus_or_higher,FALSE,NA,high,0.97
Takifugu rubripes,16S,15,0.4648148148148148,0.0022222222222222222,FALSE,-0.46259259259259256,0.9333,0.8996,0.08555555555555555,0.2337037037037037,0.4488888888888889,0.04962962962962963,-0.39925925925925926,FALSE,2,0.0022222222222222222,-0.46259259259259256,0.9333,1,0,moderate,genus_or_higher,FALSE,NA,high,0.97
Terapon jarbua,16S,6,0.2940740740740741,0.027407407407407408,FALSE,-0.2666666666666667,0.4667,0.6147,0.024814814814814814,0.09481481481481481,0.29329629629629633,0.044814814814814814,-0.24848148148148153,FALSE,0,NA,NA,NA,NA,1,low,genus_or_higher,FALSE,NA,high,0.97
Tinca tinca,16S,6,0.04814814814814815,0.008518518518518519,FALSE,-0.039629629629629626,0.6667,0.1026,0.013333333333333334,0.07555555555555556,0.04788888888888889,0.03962962962962963,-0.008259259259259258,FALSE,0,NA,NA,NA,NA,0,low,genus_or_higher,FALSE,NA,high,0.97
Trichogaster fasciata,16S,5,0.09185185185185185,0.028888888888888888,FALSE,-0.06296296296296297,0.4,0.4982,0.019074074074074077,0.09259259259259259,0.09151851851851853,0.04962962962962963,-0.0418888888888889,FALSE,0,NA,NA,NA,NA,0,low,genus_or_higher,FALSE,NA,high,0.97
Zacco platypus,16S,7,0.29444444444444445,0.015925925925925927,FALSE,-0.2785185185185185,0.5238,0.3663,0.016296296296296295,0.3118518518518518,0.2940740740740741,0.05592592592592593,-0.23814814814814816,FALSE,0,NA,NA,NA,NA,0,low,genus_or_higher,FALSE,NA,high,0.97
Triplophysa pappenheimi,16S,9,0.0022222222222222222,0.01037037037037037,TRUE,0.008148148148148147,0,0,9.25925925925926e-4,0.4885185185185185,0.001851851851851852,0.2024814814814816,0.20062962962962974,TRUE,1,0.01037037037037037,0.008148148148148147,0,0,4,low,species,TRUE,NA,moderate,0.97
Triplophysa robusta,16S,47,0.003703703703703704,0.01037037037037037,TRUE,0.006666666666666666,0,0,0.0014814814814814814,0.4885185185185185,0.002962962962962963,0.267037037037037,0.26407407407407407,TRUE,1,0.01037037037037037,0.006666666666666666,0,0,2,moderate,species,FALSE,NA,moderate,0.97
Abramis brama,genome,5,0.004868511845434333,0.0413440159472514,TRUE,0.03647550410181707,0,0,0.0028463543663267655,0.08427892356053056,0.004678754887679215,0.04276240128804723,0.038083646400368015,TRUE,0,NA,NA,NA,NA,26,low,species,TRUE,NA,low,0.97
Acanthogobius hasta,genome,5,0.0030859464847044393,0.07716782948708119,TRUE,0.07408188300237675,0,0,0.00232883539063099,0.10327378670551253,0.002827186996856551,0.08417350302844438,0.08134631603158783,TRUE,0,NA,NA,NA,NA,245,low,species,TRUE,NA,low,0.97
Acheilognathus tabira,genome,5,0.03363873342022541,0.0602238748754121,TRUE,0.026585141455186694,0,0,0.025415931917503642,0.09060415548570114,0.03312121444452963,0.06100973702369087,0.02788852257916124,TRUE,0,NA,NA,NA,NA,113,low,species,TRUE,NA,low,0.97
Acrossocheilus fasciatus,genome,42,0.010925400598021927,0.041823200184006745,TRUE,0.03089779958598482,0,0,0.001456720079736257,0.0857164762707966,0.010580387947558077,0.0427240665491068,0.03214367860154872,TRUE,0,NA,NA,NA,NA,53,low,species,TRUE,NA,low,0.97
Ameiurus nebulosus,genome,6,0.005941884535766311,0.040423982212681134,TRUE,0.03448209767691482,0,0,0.005386030821130108,0.08631066472437322,0.005847964425362263,0.06024304224488231,0.05439507781952005,TRUE,0,NA,NA,NA,NA,29,low,species,TRUE,NA,low,0.97
Bostrychus sinensis,genome,24,0.0021275780111937436,0.061124741240512155,TRUE,0.05899716322931841,0,0,8.241968872191981e-4,0.09085333128881393,0.002050908533312888,0.0713984512765468,0.06934754274323392,TRUE,0,NA,NA,NA,NA,46,low,species,TRUE,NA,low,0.97
Carassius auratus,genome,34,0.04487081192977076,0.03158782488691252,FALSE,-0.013282987042858234,0.4991,0.0337,0.009181169976232462,0.08811239745457333,0.04149735490301311,0.045829180403281454,0.004331825500268345,TRUE,0,NA,NA,NA,NA,7,low,genus_or_higher,FALSE,NA,high,0.97
Channa argus,genome,7,0.0014950548186766848,0.06934754274323392,TRUE,0.06785248792455723,0,0,7.858621482787702e-4,0.09242505558537147,0.0014183853407958291,0.07366020087403205,0.07224181553323622,TRUE,0,NA,NA,NA,NA,106,low,species,TRUE,NA,low,0.97
Coilia brachygnathus,genome,6,0.0023384190753660966,1.1500421682128345e-4,FALSE,-0.0022234148585448133,1,0.0098,0.0015333895576171127,0.09443762937974393,0.0023115847581077972,0.08916181093306755,0.08685022617495974,TRUE,2,1.1500421682128345e-4,-0.0022234148585448133,1,0.3824,0,low,genus_or_higher,FALSE,NA,high,0.97
Coilia mystus,genome,6,0.027850187840220808,0.022521659127501342,FALSE,-0.005328528712719466,0.5333,0.022,0.023115847581077972,0.09869278540213142,0.027501341715862916,0.09163919343709269,0.06413785172122977,TRUE,2,0.022521659127501342,-0.005328528712719466,0.5333,0.8627,44,low,genus_or_higher,FALSE,NA,high,0.97
Coilia nasus,genome,11,0.02227248332438856,1.1500421682128345e-4,FALSE,-0.022157479107567275,1,0.0091,0.002702599095300161,0.0949551483554397,0.018417925323928545,0.08939661120907767,0.07097868588514913,TRUE,2,1.1500421682128345e-4,-0.022157479107567275,1,0.5,0,moderate,genus_or_higher,FALSE,NA,high,0.97
Ctenopharyngodon idella,genome,7,0.03787472207314268,0.025914283523729202,FALSE,-0.011960438549413477,0.2857,0.1581,6.516905619872728e-4,0.08128881392317719,0.037644713639500116,0.026527639346776048,-0.011117074292724068,FALSE,0,NA,NA,NA,NA,0,low,genus_or_higher,FALSE,NA,high,0.97
Culter alburnus,genome,15,0.0025875948784788777,0.019550716859618185,TRUE,0.016963121981139306,0,0,6.900253009277007e-4,0.08094380127271333,0.0023460860231541824,0.025971785632139845,0.02362569960898566,TRUE,0,NA,NA,NA,NA,3,low,species,TRUE,NA,moderate,0.97
Cynoglossus semilaevis,genome,8,0.008912826803649467,0.123476194127118,TRUE,0.11456336732346853,0,0,0.0027984359426512307,0.13802422755501034,0.007066050755194357,0.13286820516752282,0.12580215441232845,TRUE,0,NA,NA,NA,NA,1403,low,species,TRUE,NA,low,0.97
Cyprinus carpio,genome,40,0.42265966418768686,0.03158782488691252,FALSE,-0.3910718393007743,0.2333,0.9919,0.0019550716859618187,0.08182550026834318,0.2171854634669938,0.04214904546500038,-0.17503641800199343,FALSE,0,NA,NA,NA,NA,1,low,genus_or_higher,FALSE,NA,high,0.97
Hemibarbus labeo,genome,5,0.006210227708349306,0.0413440159472514,TRUE,0.03513378823890209,0,0,0.0031817833320555086,0.08401058038794756,0.006192977075826113,0.04253239285440466,0.03633941577857855,TRUE,0,NA,NA,NA,NA,14,low,species,TRUE,NA,low,0.97
Hemiculter leucisculus,genome,6,0.01573641033504562,0.02614429195737177,TRUE,0.01040788162232615,0,0,0.015563904009813693,0.08197883922410489,0.01573641033504562,0.028861266579774593,0.013124856244728974,TRUE,0,NA,NA,NA,NA,1,low,species,TRUE,NA,moderate,0.97
Hypophthalmichthys molitrix,genome,27,0.013819673388024228,0.015218891359349843,TRUE,0.001399217971325615,0,0,0.001456720079736257,0.08128881392317719,0.011193743770604923,0.01853484627769685,0.007341102507091926,TRUE,1,0.015218891359349843,0.001399217971325615,0,0,2,moderate,species,FALSE,NA,moderate,0.97
Hypophthalmichthys nobilis,genome,35,0.006785248792455723,0.015218891359349843,TRUE,0.00843364256689412,0,0,0.0012075442766234761,0.08134631603158783,0.004768841524189215,0.025530936134324927,0.02076209461013571,TRUE,1,0.015218891359349843,0.00843364256689412,0,0,3,moderate,species,FALSE,NA,moderate,0.97
Ictalurus punctatus,genome,10,0.037453039944797976,0.040423982212681134,TRUE,0.0029709422678831574,0,0,0.0030667791152342253,0.08942536226328299,0.03558997163229319,0.05895882849037798,0.02336885685808479,TRUE,0,NA,NA,NA,NA,30,low,species,TRUE,NA,moderate,0.97
Labeo catla,genome,5,0.34380510618722687,0.01853484627769685,FALSE,-0.32527025990953,0.4,0.7955,0.0031817833320555086,0.087364870045235,0.34379648087096526,0.03553630299777658,-0.30826017787318866,FALSE,1,0.01853484627769685,-0.32527025990953,0.4,0.8,2,low,genus_or_higher,FALSE,NA,high,0.97
Labeo rohita,genome,11,0.05656290730660124,0.01853484627769685,FALSE,-0.038028061028904395,0.5818,0.3027,0.02006823583531396,0.0804837844054282,0.053940811163075975,0.038641416851951244,-0.015299394311124731,FALSE,1,0.01853484627769685,-0.038028061028904395,0.5818,0.8,0,moderate,genus_or_higher,FALSE,NA,high,0.97
Lepomis gibbosus,genome,12,0.2308326305297861,1.1500421682128345e-4,FALSE,-0.2307176263129648,1,0.9009,0.0033926243962278616,0.0911025070919267,0.21952388254235988,0.06374971248945795,-0.15577417005290195,FALSE,1,1.1500421682128345e-4,-0.2307176263129648,1,0.9306,0,moderate,genus_or_higher,FALSE,NA,high,0.97
Lepomis macrochirus,genome,12,0.04251322548493445,1.1500421682128345e-4,FALSE,-0.04239822126811316,1,0.0149,0.0016483937744383962,0.08937744383960745,0.04229759257839454,0.061549298474277474,0.01925170589588293,TRUE,1,1.1500421682128345e-4,-0.04239822126811316,1,0.8194,0,moderate,genus_or_higher,FALSE,NA,high,0.97
Megalobrama amblycephala,genome,6,0.03766388100897033,0.019550716859618185,FALSE,-0.018113164149352143,0.5333,0.0641,0.036648010427048995,0.0876523805872882,0.03759679521582458,0.027557885455800048,-0.010038909760024535,FALSE,0,NA,NA,NA,NA,4,low,genus_or_higher,FALSE,NA,high,0.97
Micropterus salmoides,genome,16,0.01692478724219888,0.052671931304147816,TRUE,0.03574714406194894,0,0,0.0025780111937437704,0.08893659434179253,0.016637276700145674,0.05999386644176953,0.04335658974162386,TRUE,0,NA,NA,NA,NA,11,low,species,TRUE,NA,low,0.97
Misgurnus anguillicaudatus,genome,24,0.025780111937437705,0.0418998696618876,TRUE,0.016119757724449894,0,0,0.0232883539063099,0.08636816683278387,0.025157172429655754,0.06652993943111248,0.04137276700145672,TRUE,1,0.0418998696618876,0.016119757724449894,0,0,69,moderate,species,FALSE,NA,moderate,0.97
Misgurnus dabryanus,genome,8,0.009852027907689949,0.0418998696618876,TRUE,0.03204784175419765,0,0,0.003085946484704439,0.08458560147205398,0.009792609062332286,0.0649007130261443,0.05510810396381201,TRUE,1,0.0418998696618876,0.03204784175419765,0,0,14,low,species,TRUE,NA,low,0.97
Monopterus albus,genome,12,0.06955838380740627,0.09265506401901404,TRUE,0.023096680211607767,0,0,0.005194357126427969,0.10693475427432339,0.06834604768841525,0.09696772214981215,0.028621674461396907,TRUE,0,NA,NA,NA,NA,270,low,species,TRUE,NA,low,0.97
Mylopharyngodon piceus,genome,32,0.0020317411638426743,0.024725906616575942,TRUE,0.022694165452733266,0,0,9.583684735106954e-4,0.08016752280916967,0.0017298550946868052,0.025684275090086636,0.02395441999539983,TRUE,0,NA,NA,NA,NA,5,low,species,TRUE,NA,low,0.97
Oncorhynchus mykiss,genome,29,0.04308824656904087,0.07954458330138772,TRUE,0.036456336732346856,0,0,0.001245879015563904,0.08872575327762018,0.04097983592731733,0.08399141301847735,0.04301157709116001,TRUE,0,NA,NA,NA,NA,104,low,species,TRUE,NA,low,0.97
Oreochromis niloticus,genome,7,0.02349919497048225,0.06549490147972092,TRUE,0.04199570650923867,0,0,0.002280916966955455,0.09096833550563521,0.023460860231541824,0.06963505328528713,0.0461741930537453,TRUE,0,NA,NA,NA,NA,67,low,species,TRUE,NA,low,0.97
Oryzias latipes,genome,16,0.5272751667561144,0.08759487847887756,FALSE,-0.4396802882772368,0.325,0.996,0.042034041248179096,0.10718393007743618,0.5232308517978993,0.09438012727133328,-0.42885072452656603,FALSE,0,NA,NA,NA,NA,5,low,genus_or_higher,FALSE,NA,high,0.97
Pampus argenteus,genome,6,0.016541439852794604,0.08385724143218584,TRUE,0.06731580157939124,0,0,0.011826266963121982,0.10771103273786706,0.01652802269416545,0.09224775741777198,0.07571973472360653,TRUE,0,NA,NA,NA,NA,520,low,species,TRUE,NA,low,0.97
Perca fluviatilis,genome,8,0.016637276700145674,0.05322778501878402,TRUE,0.036590508318638346,0,0,0.002137161695928851,0.09056582074676071,0.015486276163459326,0.06419918730353447,0.048712911140075144,TRUE,0,NA,NA,NA,NA,35,low,species,TRUE,NA,low,0.97
Plecoglossus altivelis,genome,6,0.0015717242965575405,0.08013877175496435,TRUE,0.07856704745840681,0,0,2.875105420532086e-4,0.09861611592425056,0.001544889979299241,0.08853407958291803,0.08698918960361879,TRUE,0,NA,NA,NA,NA,186,low,species,TRUE,NA,low,0.97
Polyodon spathula,genome,5,0.002740933834240589,0.03712719466380434,TRUE,0.03438626082956375,0,0,0.0020988269569884232,0.09244422295484168,0.0026978072529326076,0.08515487234531932,0.08245706509238672,TRUE,0,NA,NA,NA,NA,78,low,species,TRUE,NA,low,0.97
Rhinogobius similis,genome,6,0.007666947788085563,0.061124741240512155,TRUE,0.05345779345242659,0,0,0.004753507628613049,0.09424595568504178,0.007613279153568964,0.07018611515755578,0.06257283600398682,TRUE,0,NA,NA,NA,NA,47,low,species,TRUE,NA,low,0.97
Sarcocheilichthys sinensis,genome,7,0.005558537146362033,0.046672544659970866,TRUE,0.04111400751360883,0,0,0.0013608832323851875,0.08611899102967109,0.0054243655600705355,0.04740090469983899,0.041976539139768454,TRUE,0,NA,NA,NA,NA,51,low,species,TRUE,NA,low,0.97
Schistura fasciolata,genome,5,0.07049758491144675,0.05359196503871809,FALSE,-0.016905619872728664,0.3,0.3514,0.03438626082956375,0.08757571110940734,0.06400272176646477,0.05957218431342483,-0.004430537453039937,FALSE,0,NA,NA,NA,NA,4,low,genus_or_higher,FALSE,NA,high,0.97
Schizopygopsis eckloni,genome,8,0.05640956835083953,0.05092770068235835,FALSE,-0.0054818676684811815,0.1786,0.0783,0.01660852564594035,0.09144751974239056,0.05425898949628153,0.05410085869815227,-1.5813079812926345e-4,FALSE,0,NA,NA,NA,NA,54,low,genus_or_higher,FALSE,NA,high,0.97
Silurus asotus,genome,49,0.03833473894042782,0.020202407421605457,FALSE,-0.01813233151882236,0.2364,0.0216,0.012401288047228398,0.0923292187380204,0.02766330598788622,0.06283638733420226,0.03517308134631604,TRUE,2,0.020202407421605457,-0.01813233151882236,0.2364,0.6113,5,moderate,genus_or_higher,FALSE,NA,high,0.97
Silurus glanis,genome,12,0.5688491911370084,0.027294334125584605,FALSE,-0.5415548570114238,0.6818,0.9989,0.22028099363643333,0.09898029594418462,0.5172314651537223,0.04748619949398146,-0.46974526565974084,FALSE,2,0.027294334125584605,-0.5415548570114238,0.6818,1,2,moderate,genus_or_higher,FALSE,NA,high,0.97
Silurus meridionalis,genome,10,0.004791842367553477,0.020202407421605457,TRUE,0.01541056505405198,0,0,7.283600398681285e-4,0.08579314574867745,0.004634669937897723,0.0261826266963122,0.021547956758414477,TRUE,2,0.020202407421605457,0.01541056505405198,0,0,9,moderate,species,FALSE,NA,moderate,0.97
Sinibotia superciliaris,genome,5,0.0010158705819213372,0.05359196503871809,TRUE,0.05257609445679675,0,0,4.2168212834470595e-4,0.08038794755807713,9.641186843517595e-4,0.05796212527792686,0.056998006593575096,TRUE,0,NA,NA,NA,NA,31,low,species,TRUE,NA,low,0.97
Siniperca scherzeri,genome,6,0.012037108027294335,0.0529211071072606,TRUE,0.04088399907996626,0,0,0.00843364256689412,0.08730736793682435,0.010467300467683812,0.05743981445986353,0.046972513992179714,TRUE,0,NA,NA,NA,NA,10,low,species,TRUE,NA,low,0.97
Sinosturio schrenckii,genome,13,0.0058460476884152415,0.01412635129954765,TRUE,0.008280303611132408,0,0,0.0023575864448363106,0.09321091773365023,0.004708464310358041,0.08610557387104194,0.0813971095606839,TRUE,1,0.01412635129954765,0.008280303611132408,0,0,26,moderate,species,FALSE,NA,moderate,0.97
Sinosturio sinensis,genome,11,0.003756804416161926,0.01412635129954765,TRUE,0.010369546883385723,0,0,0.002070075902783102,0.09305757877788852,0.003651383884075749,0.08607107260599556,0.0824196887219198,TRUE,1,0.01412635129954765,0.010369546883385723,0,0,19,moderate,species,FALSE,NA,moderate,0.97
Squaliobarbus curriculus,genome,5,0.014758874492064708,0.02516675611439086,TRUE,0.010407881622326151,0,0,0.014231771831633825,0.08044544966648777,0.01470712259449513,0.02620179406578241,0.011494671471287281,TRUE,0,NA,NA,NA,NA,0,low,species,TRUE,NA,moderate,0.97
Tachysurus vachellii,genome,5,0.006804416161925938,0.05640956835083953,TRUE,0.04960515218891359,0,0,0.003804722839837461,0.08575481100973702,0.006588783255386031,0.05974469063865675,0.053155907383270716,TRUE,0,NA,NA,NA,NA,44,low,species,TRUE,NA,low,0.97
Taenioides cirratus,genome,11,0.04477497508241969,0.0658782488691252,TRUE,0.021103273786705512,0,0,0.0381813999846661,0.09658437476040788,0.04467147128728054,0.08005251859234838,0.035381047305067845,TRUE,0,NA,NA,NA,NA,65,low,species,TRUE,NA,low,0.97
